suite,phase,world_seed,agent_seed,score,coins_collected,initially_available_coins,collection_fraction,self_kills,opponents_eliminated,survived,termination_reason,executed_action_sequence_sha256,first_place,tied_first,decision_time_p95_ms,decision_time_max_ms
classic,primary,230301,330301,3.0,3,9,0.3333333333333333,0,0,True,step_limit,fdf5bb219fdf51adc4b890710f2a628bbae50b5574fa5f15281130f1a4ca3f18,False,False,0.1891851425170895,0.30803680419921875
classic,primary,230302,330302,0.0,0,9,0.0,0,0,True,step_limit,7156bf3f8cd72766bf75ed5a4e376f79cf6a90dee88a3c30fe000bb3400d0087,False,False,0.13689994812011713,0.4239082336425781
classic,primary,230303,330303,8.0,8,9,0.8888888888888888,0,0,True,step_limit,27a54e98d1efc1d6f778faa0f09102ac866bca9b6ccdcb47107a877dd0d2311c,False,False,0.20196437835693357,0.5733966827392578
classic,primary,230304,330304,0.0,0,9,0.0,0,0,True,step_limit,739bacc3000a64cf8a7725b65550e5c0df8b5f8c195f8ae038e98acd66b8b678,False,False,0.15808343887329102,0.7941722869873047
classic,primary,230305,330305,3.0,3,9,0.3333333333333333,0,0,True,step_limit,b222af95971a4448f6b68a8aa100badb664839002d054160ebbcc206d49d5f74,False,False,0.1552462577819824,0.5240440368652344
classic,primary,230306,330306,2.0,2,9,0.2222222222222222,0,0,True,step_limit,7ed930d196ab680cbf28bc8b969fae79a6de261e82be975a0f568eaeccafe715,False,False,0.17204284667968736,1.2450218200683594
classic,primary,230307,330307,0.0,0,9,0.0,0,0,True,step_limit,80f0d5f4c8d8b44414ce6bde35be54117849ed931f783dd7166865e09821e1fb,False,False,0.1311540603637695,0.4200935363769531
classic,primary,230308,330308,3.0,3,9,0.3333333333333333,0,0,True,step_limit,2293e3f8a9f4821611f076b345862c37cb0813688a8cbf8816d56b1ec1782aa1,False,False,0.24820566177368142,0.3981590270996094
classic,primary,230309,330309,4.0,4,9,0.4444444444444444,0,0,True,step_limit,bbdf82fc5d8f18c978e20138762085ce39211b0e0e0d46ce80c611da96e0b33b,False,False,0.1652240753173828,0.4889965057373047
classic,primary,230310,330310,0.0,0,9,0.0,0,0,True,step_limit,b879b82f88476c1dad91bc3d27e3d684f5597c8270c46593bef560864b1cbcd9,False,False,0.19316673278808588,0.3781318664550781
classic,primary,230311,330311,6.0,6,9,0.6666666666666666,0,0,True,step_limit,c454e9ef138a7b55994713ac8fafbfdc4a1af6bd897328d6d55ee2af83a0c361,False,False,0.245225429534912,0.3581047058105469
classic,primary,230312,330312,3.0,3,9,0.3333333333333333,0,0,True,step_limit,3e0d0847873255a123665dd22f5e214c3605051092fe841e943a7b07bc0296e3,False,False,0.1972079277038574,0.4019737243652344
classic,primary,230313,330313,3.0,3,9,0.3333333333333333,0,0,True,step_limit,f63f734a71e2e1c97a5cc98c3f0a639f6178593c974cd7d42c23ff1a19db50bf,False,False,0.16819238662719715,0.4279613494873047
classic,primary,230314,330314,0.0,0,9,0.0,0,0,True,step_limit,c7b6bf41093416b2b1606fdfff9666bdc7d917553dda04c8527a93cf88507a06,False,False,0.13341903686523424,0.7860660552978516
classic,primary,230315,330315,2.0,2,9,0.2222222222222222,0,0,True,step_limit,9d784d240d39178e6f4d742a32e4e1e5880d3e390e592fa949e08c6c157ebae1,False,False,0.14432668685913078,0.28014183044433594
classic,primary,230316,330316,0.0,0,9,0.0,0,0,True,step_limit,cd978bf38bd407efda192b52b47d225e480ad1897d80934b1eaf1c2db51d5f94,False,False,0.15282630920410156,0.3159046173095703
classic,primary,230317,330317,2.0,2,9,0.2222222222222222,0,0,True,step_limit,0ab2c7f111d7f690e4d48ded4eeb393ae2eb1b40dd169c97791ae3ce94382b4d,False,False,0.14524459838867182,0.28204917907714844
classic,primary,230318,330318,1.0,1,9,0.1111111111111111,0,0,True,step_limit,e4bb652ef8ca641a18ac8a9e42fb3ec6ec64658ba412182ecf4fb59ddf11c7dd,False,False,0.14427900314331052,0.6620883941650391
classic,primary,230319,330319,0.0,0,9,0.0,0,0,True,step_limit,0452fbd738ea4b4717d561db47e6d61ea40c8c0032d984944eca921ea1eabb9e,False,False,0.1218438148498535,0.293731689453125
classic,primary,230320,330320,4.0,4,9,0.4444444444444444,1,0,False,killed,0745c835c708a420f938d55a0b8d954c71ac242e019ecfd00cf4807c2a5aad49,False,False,0.20483732223510742,0.40602684020996094
classic,repeat,230301,330301,3.0,3,9,0.3333333333333333,0,0,True,step_limit,fdf5bb219fdf51adc4b890710f2a628bbae50b5574fa5f15281130f1a4ca3f18,False,False,0.19949674606323226,0.3509521484375
classic,repeat,230302,330302,0.0,0,9,0.0,0,0,True,step_limit,7156bf3f8cd72766bf75ed5a4e376f79cf6a90dee88a3c30fe000bb3400d0087,False,False,0.13403892517089838,0.26607513427734375
classic,repeat,230303,330303,8.0,8,9,0.8888888888888888,0,0,True,step_limit,27a54e98d1efc1d6f778faa0f09102ac866bca9b6ccdcb47107a877dd0d2311c,False,False,0.1934170722961423,0.6940364837646484
classic,repeat,230304,330304,0.0,0,9,0.0,0,0,True,step_limit,739bacc3000a64cf8a7725b65550e5c0df8b5f8c195f8ae038e98acd66b8b678,False,False,0.17483234405517573,0.5047321319580078
classic,repeat,230305,330305,3.0,3,9,0.3333333333333333,0,0,True,step_limit,b222af95971a4448f6b68a8aa100badb664839002d054160ebbcc206d49d5f74,False,False,0.16709566116332988,0.3058910369873047
classic,repeat,230306,330306,2.0,2,9,0.2222222222222222,0,0,True,step_limit,7ed930d196ab680cbf28bc8b969fae79a6de261e82be975a0f568eaeccafe715,False,False,0.15529394149780265,0.3509521484375
classic,repeat,230307,330307,0.0,0,9,0.0,0,0,True,step_limit,80f0d5f4c8d8b44414ce6bde35be54117849ed931f783dd7166865e09821e1fb,False,False,0.15044212341308572,0.5319118499755859
classic,repeat,230308,330308,3.0,3,9,0.3333333333333333,0,0,True,step_limit,2293e3f8a9f4821611f076b345862c37cb0813688a8cbf8816d56b1ec1782aa1,False,False,0.23236274719238267,0.4439353942871094
classic,repeat,230309,330309,4.0,4,9,0.4444444444444444,0,0,True,step_limit,bbdf82fc5d8f18c978e20138762085ce39211b0e0e0d46ce80c611da96e0b33b,False,False,0.164031982421875,0.5869865417480469
classic,repeat,230310,330310,0.0,0,9,0.0,0,0,True,step_limit,b879b82f88476c1dad91bc3d27e3d684f5597c8270c46593bef560864b1cbcd9,False,False,0.20525455474853496,0.7610321044921875
classic,repeat,230311,330311,6.0,6,9,0.6666666666666666,0,0,True,step_limit,c454e9ef138a7b55994713ac8fafbfdc4a1af6bd897328d6d55ee2af83a0c361,False,False,0.23326873779296867,0.39768218994140625
classic,repeat,230312,330312,3.0,3,9,0.3333333333333333,0,0,True,step_limit,3e0d0847873255a123665dd22f5e214c3605051092fe841e943a7b07bc0296e3,False,False,0.18812417984008767,0.4558563232421875
classic,repeat,230313,330313,3.0,3,9,0.3333333333333333,0,0,True,step_limit,f63f734a71e2e1c97a5cc98c3f0a639f6178593c974cd7d42c23ff1a19db50bf,False,False,0.1609325408935547,0.36215782165527344
classic,repeat,230314,330314,0.0,0,9,0.0,0,0,True,step_limit,c7b6bf41093416b2b1606fdfff9666bdc7d917553dda04c8527a93cf88507a06,False,False,0.12544393539428708,0.2758502960205078
classic,repeat,230315,330315,2.0,2,9,0.2222222222222222,0,0,True,step_limit,9d784d240d39178e6f4d742a32e4e1e5880d3e390e592fa949e08c6c157ebae1,False,False,0.13208389282226562,0.6248950958251953
classic,repeat,230316,330316,0.0,0,9,0.0,0,0,True,step_limit,cd978bf38bd407efda192b52b47d225e480ad1897d80934b1eaf1c2db51d5f94,False,False,0.16527175903320307,0.3581047058105469
classic,repeat,230317,330317,2.0,2,9,0.2222222222222222,0,0,True,step_limit,0ab2c7f111d7f690e4d48ded4eeb393ae2eb1b40dd169c97791ae3ce94382b4d,False,False,0.1552462577819824,0.3161430358886719
classic,repeat,230318,330318,1.0,1,9,0.1111111111111111,0,0,True,step_limit,e4bb652ef8ca641a18ac8a9e42fb3ec6ec64658ba412182ecf4fb59ddf11c7dd,False,False,0.1270890235900879,0.2608299255371094
classic,repeat,230319,330319,0.0,0,9,0.0,0,0,True,step_limit,0452fbd738ea4b4717d561db47e6d61ea40c8c0032d984944eca921ea1eabb9e,False,False,0.13027191162109367,0.29015541076660156
classic,repeat,230320,330320,4.0,4,9,0.4444444444444444,1,0,False,killed,0745c835c708a420f938d55a0b8d954c71ac242e019ecfd00cf4807c2a5aad49,False,False,0.2215027809143066,0.4279613494873047
coin-heaven,primary,230401,330401,50.0,50,50,1.0,0,0,True,survived,0ee46636c6f80c86583649afeb71a366c2d846ac900439767e0ff2de78fc6be5,False,False,0.29563903808593744,0.5850791931152344
coin-heaven,primary,230402,330402,50.0,50,50,1.0,0,0,True,survived,716e4b64837c826ee214965fabb0509cbd25bbbe9a8273c243e26880b9103928,False,False,0.18959045410156247,0.4570484161376953
coin-heaven,primary,230403,330403,50.0,50,50,1.0,0,0,True,survived,471b838df738d4cbbd9b40952a812b90c22cfd21efc38dfdda722af565ac30e1,False,False,0.1617312431335449,0.2880096435546875
coin-heaven,primary,230404,330404,50.0,50,50,1.0,0,0,True,survived,eeddde7a507e6bb47d41d7d7a08aa4c0b08ace2aa2a7f2226c4cd624c5994ca2,False,False,0.1685619354248047,0.308990478515625
coin-heaven,primary,230405,330405,50.0,50,50,1.0,0,0,True,survived,f974811f9d213638f703d5b3df05b68f9ef66ea7e13197ceb86ed54ac710c127,False,False,0.17483234405517561,0.2751350402832031
coin-heaven,primary,230406,330406,50.0,50,50,1.0,0,0,True,survived,793820ccd180ed4741546c48957a8bf1087e5fc249cdb4e0d946e758df82723c,False,False,0.16906261444091786,0.41294097900390625
coin-heaven,primary,230407,330407,50.0,50,50,1.0,0,0,True,survived,31010af1296ad51a65a2b0d2890c13a813ab55a843733133c29631fe420ca923,False,False,0.193202495574951,0.2951622009277344
coin-heaven,primary,230408,330408,50.0,50,50,1.0,0,0,True,survived,590dbfd2eae81b81d92bbb3dc397e7fd7d6de42031f641bbca4080744e523c56,False,False,0.15985965728759766,0.3161430358886719
coin-heaven,primary,230409,330409,50.0,50,50,1.0,0,0,True,survived,b84127383102ead4536e7a71741262ebc0487755d01aeb51f63b9e287f75ac72,False,False,0.3243684768676756,0.7889270782470703
coin-heaven,primary,230410,330410,50.0,50,50,1.0,0,0,True,survived,8c89b41d22c94584f4fb7274fcac9fa17a71812d47ba203f38fa145d5d0483ce,False,False,0.3657579421997069,1.271963119506836
coin-heaven,primary,230411,330411,50.0,50,50,1.0,0,0,True,survived,abbb2a08299298b8acbe04ab0d55c2d48acb31933c3f1f22a1c0049a976d4f20,False,False,0.261843204498291,0.5457401275634766
coin-heaven,primary,230412,330412,50.0,50,50,1.0,0,0,True,survived,1e277e3a1748f62b02187de61bc6ae7a42f3c8e4b724de300974c8caff52fddb,False,False,0.20830631256103513,0.4191398620605469
coin-heaven,primary,230413,330413,50.0,50,50,1.0,0,0,True,survived,63e73974cf937eb5ea84df2bb01ac121ede56778bf1bb585d4cb6cb47ee1ca17,False,False,0.16882419586181638,0.2930164337158203
coin-heaven,primary,230414,330414,50.0,50,50,1.0,0,0,True,survived,61a30eb47c6412259d4c5cebd27b8228fa3c08ce2f2c9a9dbe4890d38d2fd48f,False,False,0.27889013290405246,0.6649494171142578
coin-heaven,primary,230415,330415,50.0,50,50,1.0,0,0,True,survived,3789da26bd4fea5b74c299075a939cf6fb34fa55f6a8af9883d0c1c979717abb,False,False,0.1999258995056152,0.4379749298095703
coin-heaven,primary,230416,330416,50.0,50,50,1.0,0,0,True,survived,ab05b282ab9c50d2922de3d00173f4e601ef756862d470ea0cd7f8099953ff22,False,False,0.5688667297363282,0.9570121765136719
coin-heaven,primary,230417,330417,50.0,50,50,1.0,0,0,True,survived,1f13a74d2c460244f8d1a53c5797addd0e33c93ac7ea91392a05b56227be2e85,False,False,0.29282569885253895,0.7691383361816406
coin-heaven,primary,230418,330418,50.0,50,50,1.0,0,0,True,survived,d9a8cc27367e15a15596de032f9b08da0049cd094a4ce5dd6adac0e71aef2152,False,False,0.26774406433105413,0.5843639373779297
coin-heaven,primary,230419,330419,50.0,50,50,1.0,0,0,True,survived,f575c1b7f70e846c0cc594d0a4616b42ab9eb12fdc1701ccc8a4e777e5b7d549,False,False,0.24299621582031253,0.5660057067871094
coin-heaven,primary,230420,330420,50.0,50,50,1.0,0,0,True,survived,b5c956b5b02b40d1a86d0b054a5255858f1ddc23a1494d905c9e6efd7a5cbee7,False,False,0.2060413360595703,1.0900497436523438
coin-heaven,repeat,230401,330401,50.0,50,50,1.0,0,0,True,survived,0ee46636c6f80c86583649afeb71a366c2d846ac900439767e0ff2de78fc6be5,False,False,0.2957940101623535,0.4489421844482422
coin-heaven,repeat,230402,330402,50.0,50,50,1.0,0,0,True,survived,716e4b64837c826ee214965fabb0509cbd25bbbe9a8273c243e26880b9103928,False,False,0.1809120178222656,0.2880096435546875
coin-heaven,repeat,230403,330403,50.0,50,50,1.0,0,0,True,survived,471b838df738d4cbbd9b40952a812b90c22cfd21efc38dfdda722af565ac30e1,False,False,0.15394687652587882,0.3509521484375
coin-heaven,repeat,230404,330404,50.0,50,50,1.0,0,0,True,survived,eeddde7a507e6bb47d41d7d7a08aa4c0b08ace2aa2a7f2226c4cd624c5994ca2,False,False,0.1914501190185547,0.3991127014160156
coin-heaven,repeat,230405,330405,50.0,50,50,1.0,0,0,True,survived,f974811f9d213638f703d5b3df05b68f9ef66ea7e13197ceb86ed54ac710c127,False,False,0.2518415451049803,0.7879734039306641
coin-heaven,repeat,230406,330406,50.0,50,50,1.0,0,0,True,survived,793820ccd180ed4741546c48957a8bf1087e5fc249cdb4e0d946e758df82723c,False,False,0.370025634765625,1.5993118286132812
coin-heaven,repeat,230407,330407,50.0,50,50,1.0,0,0,True,survived,31010af1296ad51a65a2b0d2890c13a813ab55a843733133c29631fe420ca923,False,False,0.3601431846618649,1.0221004486083984
coin-heaven,repeat,230408,330408,50.0,50,50,1.0,0,0,True,survived,590dbfd2eae81b81d92bbb3dc397e7fd7d6de42031f641bbca4080744e523c56,False,False,0.17499923706054688,0.7579326629638672
coin-heaven,repeat,230409,330409,50.0,50,50,1.0,0,0,True,survived,b84127383102ead4536e7a71741262ebc0487755d01aeb51f63b9e287f75ac72,False,False,0.37317276000976524,1.069784164428711
coin-heaven,repeat,230410,330410,50.0,50,50,1.0,0,0,True,survived,8c89b41d22c94584f4fb7274fcac9fa17a71812d47ba203f38fa145d5d0483ce,False,False,0.3778576850891111,2.198934555053711
coin-heaven,repeat,230411,330411,50.0,50,50,1.0,0,0,True,survived,abbb2a08299298b8acbe04ab0d55c2d48acb31933c3f1f22a1c0049a976d4f20,False,False,0.2566814422607421,0.6511211395263672
coin-heaven,repeat,230412,330412,50.0,50,50,1.0,0,0,True,survived,1e277e3a1748f62b02187de61bc6ae7a42f3c8e4b724de300974c8caff52fddb,False,False,0.17799139022827143,0.3209114074707031
coin-heaven,repeat,230413,330413,50.0,50,50,1.0,0,0,True,survived,63e73974cf937eb5ea84df2bb01ac121ede56778bf1bb585d4cb6cb47ee1ca17,False,False,0.6273746490478516,1.4190673828125
coin-heaven,repeat,230414,330414,50.0,50,50,1.0,0,0,True,survived,61a30eb47c6412259d4c5cebd27b8228fa3c08ce2f2c9a9dbe4890d38d2fd48f,False,False,0.3428101539611814,0.8418560028076172
coin-heaven,repeat,230415,330415,50.0,50,50,1.0,0,0,True,survived,3789da26bd4fea5b74c299075a939cf6fb34fa55f6a8af9883d0c1c979717abb,False,False,0.20356178283691406,0.5781650543212891
coin-heaven,repeat,230416,330416,50.0,50,50,1.0,0,0,True,survived,ab05b282ab9c50d2922de3d00173f4e601ef756862d470ea0cd7f8099953ff22,False,False,0.308942794799805,0.9741783142089844
coin-heaven,repeat,230417,330417,50.0,50,50,1.0,0,0,True,survived,1f13a74d2c460244f8d1a53c5797addd0e33c93ac7ea91392a05b56227be2e85,False,False,0.2833366394042969,0.34117698669433594
coin-heaven,repeat,230418,330418,50.0,50,50,1.0,0,0,True,survived,d9a8cc27367e15a15596de032f9b08da0049cd094a4ce5dd6adac0e71aef2152,False,False,0.572848320007324,1.2118816375732422
coin-heaven,repeat,230419,330419,50.0,50,50,1.0,0,0,True,survived,f575c1b7f70e846c0cc594d0a4616b42ab9eb12fdc1701ccc8a4e777e5b7d549,False,False,0.46199560165405273,0.8499622344970703
coin-heaven,repeat,230420,330420,50.0,50,50,1.0,0,0,True,survived,b5c956b5b02b40d1a86d0b054a5255858f1ddc23a1494d905c9e6efd7a5cbee7,False,False,0.45633316040039057,1.3599395751953125
competitive,primary,230001,330001,0.0,0,9,0.0,0,0,False,killed,a5948cacc30d17bddc2d61a205a3c1123edee13fa27e33d1e5f5680314717ada,False,False,0.6668567657470703,1.8169879913330078
competitive,primary,230002,330002,5.0,0,9,0.0,1,1,False,killed,e9683ebd00fa0c1e86d5788544c8f40490d7db46f518485aba818162a5e5b2be,False,False,0.9859204292297363,3.3380985260009766
competitive,primary,230003,330003,1.0,1,9,0.1111111111111111,0,0,False,killed,80d9a9e51f6919dcea6b9336c292eddf8758e81629704f939026c670f2074b89,False,False,1.0491490364074705,1.2252330780029297
competitive,primary,230004,330004,4.0,4,9,0.4444444444444444,0,0,True,step_limit,aa08a51fea31b06b3047e3c5a630033d8d3cb20b44e5779933a24bc0c40305cb,False,False,0.9114265441894526,3.167867660522461
competitive,primary,230005,330005,1.0,1,9,0.1111111111111111,0,0,False,killed,547c04b32354ce70e8d2c19dfdd1a8bca7977cfc28e92b44ba476203c6219324,False,False,0.7609724998474121,1.116037368774414
competitive,primary,230006,330006,1.0,1,9,0.1111111111111111,1,0,False,killed,4e798f5f20d62b95c6eb5e43d19e448faa96c50435d1dcbbcfe259ac98b1cb50,False,False,0.8866190910339351,2.3088455200195312
competitive,primary,230007,330007,1.0,1,9,0.1111111111111111,0,0,True,step_limit,379ad9ea6a4f240eafd0073d6910711070f01930d22345d494706898079eb2aa,False,False,1.1374235153198238,4.993915557861328
competitive,primary,230008,330008,1.0,1,9,0.1111111111111111,0,0,False,killed,3f8f0f849c8ad3a5612d99968950c845fcaf5f6bb3ab6294b55a7285232ad7cd,False,False,0.9186625480651853,2.202749252319336
competitive,primary,230009,330009,0.0,0,9,0.0,0,0,False,killed,9f8f4479a709c8f3e2f5764f7c900ad202598a15cde9d16a2ca724b5896cdbab,False,False,1.0347843170166013,1.7189979553222656
competitive,primary,230010,330010,0.0,0,9,0.0,1,0,False,killed,6ef1686976d07750d8b0ab3fbb56594fcacb9519736ff263fd8d9842efa3d7e4,False,False,0.7214784622192375,3.1762123107910156
competitive,primary,230011,330011,1.0,1,9,0.1111111111111111,0,0,False,killed,e07d54f23019ddf9182304ece28f9b0cd0bf229dc648077bb1f405a3989ead1e,False,False,1.0546684265136717,1.5108585357666016
competitive,primary,230012,330012,1.0,1,9,0.1111111111111111,1,0,False,killed,9aa347aaa65caf48215881de13098dae92e37ddba864ce1346b8b79e2456e640,False,False,0.7510542869567866,2.1219253540039062
competitive,primary,230013,330013,3.0,3,9,0.3333333333333333,1,0,False,killed,5835ecb83f8c89bf11410979045228a40871708232a1e510b7666dba174dfc3a,False,False,0.8922100067138667,2.6607513427734375
competitive,primary,230014,330014,1.0,1,9,0.1111111111111111,0,0,False,killed,9c7e9b6473b70f4941e71cf3bce36692a2837392d67988279582c0467007857f,False,False,0.9350776672363281,1.2600421905517578
competitive,primary,230015,330015,3.0,3,9,0.3333333333333333,1,0,False,killed,939737ccb9b1d877201d0e409de8292f5f0adca37949984b6f1c4a22927e4fa9,False,False,0.9809970855712887,2.5260448455810547
competitive,primary,230016,330016,1.0,1,9,0.1111111111111111,1,0,False,killed,4e83a124c88c05f32ba717afcfc5f171f66df99694a5e98a6f20337dedbe2cce,False,False,1.2272715568542472,2.6140213012695312
competitive,primary,230017,330017,2.0,2,9,0.2222222222222222,0,0,False,killed,8689f2fc43f9f78bc26b43be024739665af43e78d746dbf242fbc523dd36288b,False,False,1.270842552185058,2.4809837341308594
competitive,primary,230018,330018,1.0,1,9,0.1111111111111111,1,0,False,killed,ccf6c08268ab16e87e33a375d6fee4f9c630eab96594e696019fa0db63cdea6a,False,False,1.0775327682495117,1.7600059509277344
competitive,primary,230019,330019,2.0,2,9,0.2222222222222222,0,0,False,killed,f1bc2ee37d91fa3dd697677e581ccd34ca3f1be15c349d7ec90fb1ff3d4b6a22,False,False,0.600922107696533,1.2850761413574219
competitive,primary,230020,330020,0.0,0,9,0.0,0,0,False,killed,3d5256e37a5c73e3c069e46b24b65f00160f6f14feb7d70fee7eb80b40f28df6,False,False,0.3837347030639649,0.5371570587158203
competitive,repeat,230001,330001,0.0,0,9,0.0,0,0,False,killed,ec16e2aa324c3f449c4e2cbcab11fbe4297a47a0eef4998b8ea4518fee760eca,False,False,0.3093719482421875,0.3502368927001953
competitive,repeat,230002,330002,2.0,2,9,0.2222222222222222,0,0,False,killed,8bdf7e76db1c0d93ca216dd6f61aae406c74bed83be84906cc7ae9d444919f30,False,False,0.40912628173828125,0.5049705505371094
competitive,repeat,230003,330003,1.0,1,9,0.1111111111111111,0,0,False,killed,80d9a9e51f6919dcea6b9336c292eddf8758e81629704f939026c670f2074b89,False,False,0.33833980560302734,0.49114227294921875
competitive,repeat,230004,330004,0.0,0,9,0.0,1,0,False,killed,642e9b451c83573206f463e846a10a1fe7b020ca77c137c29632fd2d208ea366,False,False,0.47245025634765625,0.8890628814697266
competitive,repeat,230005,330005,0.0,0,9,0.0,1,0,False,killed,5fcf51193bee0aa257c80cea785ed2490547fdc80d03f0dc1147a4701e050a4d,False,False,0.39972066879272455,0.5381107330322266
competitive,repeat,230006,330006,1.0,1,9,0.1111111111111111,1,0,False,killed,b8cc0b5aecd81a9120b824e123557dcee544439cdcfc5b9b446416176bcece4c,False,False,0.34973621368408203,0.3771781921386719
competitive,repeat,230007,330007,1.0,1,9,0.1111111111111111,1,0,False,killed,52d548d8d4e6cf06d73c8cf21b060a5d304937da3149cc8d3a17be24b64d8795,False,False,0.4858970642089844,0.6442070007324219
competitive,repeat,230008,330008,1.0,1,9,0.1111111111111111,1,0,False,killed,49e216a3bc99c25a6a70d47eb38ddaa897bd8e5c348897b2c62a9067d7ddea92,False,False,0.326693058013916,0.5288124084472656
competitive,repeat,230009,330009,1.0,1,9,0.1111111111111111,0,0,True,step_limit,e773683ece8da722511dfc4a3db7307cc027ed4afeace4ddaad49989bea0df3e,False,False,0.5933523178100583,0.8120536804199219
competitive,repeat,230010,330010,0.0,0,9,0.0,1,0,False,killed,85b6aa9b475c5a0999b2d3e2d35f6365baa037b6d09c7c6aaf980ce9d089053f,False,False,0.39085149765014643,0.5018711090087891
competitive,repeat,230011,330011,1.0,1,9,0.1111111111111111,0,0,False,killed,e07d54f23019ddf9182304ece28f9b0cd0bf229dc648077bb1f405a3989ead1e,False,False,0.31564235687255854,0.5159378051757812
competitive,repeat,230012,330012,1.0,1,9,0.1111111111111111,1,0,False,killed,f5194476e065901ccebfa9ec703b5f02ce7be4efaedeb838ba9b3ae69fe4bc12,False,False,0.2979278564453124,0.4661083221435547
competitive,repeat,230013,330013,4.0,4,9,0.4444444444444444,1,0,False,killed,a723551a52624af5fa07e1b08e2ba30ef4811965be26dbb410c526136017878b,False,False,0.3581047058105469,0.4889965057373047
competitive,repeat,230014,330014,2.0,2,9,0.2222222222222222,0,0,False,killed,a87c3268ca46ba62e8dec293c4de1ba2fb2f5503a5297bab35e72dd913f11181,False,False,0.3062248229980468,0.3910064697265625
competitive,repeat,230015,330015,1.0,1,9,0.1111111111111111,1,0,False,killed,16ac7fa9749bd1d2f4de5332d442576e9b458a59079467f525d69ec486a997fc,False,False,0.2590894699096679,0.30684471130371094
competitive,repeat,230016,330016,2.0,2,9,0.2222222222222222,0,0,False,killed,f2b294805949e7590eae93bc9025ce36bedb70a48f95a3706ea4485406a8b547,False,False,0.3349781036376953,0.8938312530517578
competitive,repeat,230017,330017,2.0,2,9,0.2222222222222222,0,0,True,step_limit,1d884e44369e31a56acdea0339497d29fb24747e69a3e5f705154b2cbd058967,False,False,0.7209420204162595,1.323699951171875
competitive,repeat,230018,330018,1.0,1,9,0.1111111111111111,1,0,False,killed,b647b0cfdd2038b92cb15ddf404e93d513df51355cc6e2d411601d0efc184a9a,False,False,0.4290103912353516,1.3110637664794922
competitive,repeat,230019,330019,1.0,1,9,0.1111111111111111,1,0,False,killed,fad4a0a951f69d6554cbfce5c88a0cee1e952bd3b44edb91d504602b7f456f93,False,False,0.27701854705810547,0.3998279571533203
competitive,repeat,230020,330020,0.0,0,9,0.0,1,0,False,killed,aca4e325f5b8930170579c28ec0981bb1e83893e46c8f33390ce04bf997990dc,False,False,0.4426240921020508,0.7891654968261719
loot-crate,primary,230501,330501,28.0,28,50,0.56,0,0,True,step_limit,f584cc3aee343ea47468dd71e7e9535c4143294f99e35196378d3b01bdf83436,False,False,0.74852705001831,12.166261672973633
loot-crate,primary,230502,330502,7.0,7,50,0.14,1,0,False,killed,d26c0c88d6e459639672f9a5f46cb235af3ce92746dfe34e439d16333ae4f49a,False,False,0.8352279663085939,1.0950565338134766
loot-crate,primary,230503,330503,12.0,12,50,0.24,0,0,True,step_limit,3f0a11a10790685e23b8c9c7df4a2b14144641effe4e36924452e8902330c4de,False,False,0.6254673004150378,2.077817916870117
loot-crate,primary,230504,330504,2.0,2,50,0.04,1,0,False,killed,35501e191d40c0d8089c62cde138f2a69d6fb479f5c0dc1f706ff6f8a95b473c,False,False,0.7741928100585924,1.5308856964111328
loot-crate,primary,230505,330505,8.0,8,50,0.16,0,0,True,step_limit,e3ff45a4add00a242bdd5df8d6d1a128ec60257e720014d0116c6cfe23712e86,False,False,0.4632711410522452,0.9310245513916016
loot-crate,primary,230506,330506,17.0,17,50,0.34,1,0,False,killed,9c3c3de5c75d10eaaa9ea6fbeb2891fa52f7139a9962f2d6cdf4a32f033964cb,False,False,0.528430938720703,1.8310546875
loot-crate,primary,230507,330507,21.0,21,50,0.42,0,0,True,step_limit,0477ade5a815f79b8a3b7ebee1dfce56b9cf8e3816ea37ab0f6a0d1da4fa0380,False,False,0.6092429161071776,3.3538341522216797
loot-crate,primary,230508,330508,17.0,17,50,0.34,0,0,True,step_limit,017c50a883301d6b13c9bcc320728a8a6d013b3ab383d0fe1882af45cce37b31,False,False,0.4386186599731439,1.0991096496582031
loot-crate,primary,230509,330509,2.0,2,50,0.04,1,0,False,killed,2f1719e9becb334d6f115800494ebb2319f8e0013bc5360a2446c35f00e08162,False,False,0.5186319351196286,0.6649494171142578
loot-crate,primary,230510,330510,1.0,1,50,0.02,0,0,True,step_limit,594d5fb1df8b00085dd48bc0e4d5b0e07d9179d494307eb72592fce11d6b83cd,False,False,0.3227710723876945,0.6797313690185547
loot-crate,primary,230511,330511,11.0,11,50,0.22,0,0,True,step_limit,28ceb1f717ec768edf131e44a038506dbac6baf99165203fd9b14ecced24db7f,False,False,0.36835670471191384,1.5838146209716797
loot-crate,primary,230512,330512,3.0,3,50,0.06,0,0,True,step_limit,b4ff4ad76abf275cc872a74898497381a6c0a81a1aae5c2bf90e7db94b5427d6,False,False,0.4482984542846677,1.7697811126708984
loot-crate,primary,230513,330513,19.0,19,50,0.38,0,0,True,step_limit,588e8d6356000efa36909a29fd6e6753c134034bb96371a826dd9b05ced898e5,False,False,0.4052162170410155,2.157926559448242
loot-crate,primary,230514,330514,11.0,11,50,0.22,1,0,False,killed,65eff2b6030f3c6d69e9edc3623d8af6dd1126c935ab8b2d7d27b67faebd82ac,False,False,0.45294761657714844,1.1489391326904297
loot-crate,primary,230515,330515,4.0,4,50,0.08,1,0,False,killed,cfd58fb481d003f08c3f90199f148846ce652254ceac2bfadc6b7256923450b4,False,False,0.5669593811035156,0.9558200836181641
loot-crate,primary,230516,330516,18.0,18,50,0.36,0,0,True,step_limit,805ed2ea5c3f151023b5bb434a47317d9537b585eef576d28cf3b3f0639e7eed,False,False,0.5692124366760253,1.3570785522460938
loot-crate,primary,230517,330517,5.0,5,50,0.1,0,0,True,step_limit,1a8e3d57e3d6fc3f529b16c83e670443fab8d81bba5b6da2dc523889e1af3175,False,False,0.8544564247131343,1.6298294067382812
loot-crate,primary,230518,330518,22.0,22,50,0.44,0,0,True,step_limit,2b289251bcd2ead67a31e3afd99d07dbd1e5cebf67198f4b2d36785e327d51ab,False,False,0.4571318626403799,1.0418891906738281
loot-crate,primary,230519,330519,7.0,7,50,0.14,1,0,False,killed,9511b499ee87cb33a78699fdb4935469cca2fd25a11cf6c2d5ce1578613f11a6,False,False,0.44417381286621077,0.5562305450439453
loot-crate,primary,230520,330520,21.0,21,50,0.42,0,0,True,step_limit,be594a3d4cbe8c1b25d8f23f0bbde4ada5a4aedc50f816f8d87c2df61aa1de2b,False,False,0.4301190376281736,1.3320446014404297
loot-crate,repeat,230501,330501,28.0,28,50,0.56,0,0,True,step_limit,f584cc3aee343ea47468dd71e7e9535c4143294f99e35196378d3b01bdf83436,False,False,0.5795598030090328,1.455068588256836
loot-crate,repeat,230502,330502,7.0,7,50,0.14,1,0,False,killed,d26c0c88d6e459639672f9a5f46cb235af3ce92746dfe34e439d16333ae4f49a,False,False,0.31828880310058605,0.45108795166015625
loot-crate,repeat,230503,330503,12.0,12,50,0.24,0,0,True,step_limit,3f0a11a10790685e23b8c9c7df4a2b14144641effe4e36924452e8902330c4de,False,False,0.5861282348632811,4.96983528137207
loot-crate,repeat,230504,330504,2.0,2,50,0.04,1,0,False,killed,35501e191d40c0d8089c62cde138f2a69d6fb479f5c0dc1f706ff6f8a95b473c,False,False,1.1376380920410132,2.7451515197753906
loot-crate,repeat,230505,330505,8.0,8,50,0.16,0,0,True,step_limit,e3ff45a4add00a242bdd5df8d6d1a128ec60257e720014d0116c6cfe23712e86,False,False,0.6555199623107907,7.131814956665039
loot-crate,repeat,230506,330506,17.0,17,50,0.34,1,0,False,killed,9c3c3de5c75d10eaaa9ea6fbeb2891fa52f7139a9962f2d6cdf4a32f033964cb,False,False,0.527238845825195,1.1360645294189453
loot-crate,repeat,230507,330507,21.0,21,50,0.42,0,0,True,step_limit,0477ade5a815f79b8a3b7ebee1dfce56b9cf8e3816ea37ab0f6a0d1da4fa0380,False,False,0.6259799003601066,2.2127628326416016
loot-crate,repeat,230508,330508,17.0,17,50,0.34,0,0,True,step_limit,017c50a883301d6b13c9bcc320728a8a6d013b3ab383d0fe1882af45cce37b31,False,False,0.709831714630127,2.3050308227539062
loot-crate,repeat,230509,330509,2.0,2,50,0.04,1,0,False,killed,2f1719e9becb334d6f115800494ebb2319f8e0013bc5360a2446c35f00e08162,False,False,0.7740497589111327,1.2688636779785156
loot-crate,repeat,230510,330510,1.0,1,50,0.02,0,0,True,step_limit,594d5fb1df8b00085dd48bc0e4d5b0e07d9179d494307eb72592fce11d6b83cd,False,False,0.6968021392822258,8.822202682495117
loot-crate,repeat,230511,330511,11.0,11,50,0.22,0,0,True,step_limit,28ceb1f717ec768edf131e44a038506dbac6baf99165203fd9b14ecced24db7f,False,False,0.5732059478759766,1.7309188842773438
loot-crate,repeat,230512,330512,3.0,3,50,0.06,0,0,True,step_limit,b4ff4ad76abf275cc872a74898497381a6c0a81a1aae5c2bf90e7db94b5427d6,False,False,0.4358053207397455,1.9118785858154297
loot-crate,repeat,230513,330513,19.0,19,50,0.38,0,0,True,step_limit,588e8d6356000efa36909a29fd6e6753c134034bb96371a826dd9b05ced898e5,False,False,0.3923892974853514,1.6570091247558594
loot-crate,repeat,230514,330514,11.0,11,50,0.22,1,0,False,killed,65eff2b6030f3c6d69e9edc3623d8af6dd1126c935ab8b2d7d27b67faebd82ac,False,False,0.4844665527343743,5.309820175170898
loot-crate,repeat,230515,330515,4.0,4,50,0.08,1,0,False,killed,cfd58fb481d003f08c3f90199f148846ce652254ceac2bfadc6b7256923450b4,False,False,0.6010532379150391,0.6868839263916016
loot-crate,repeat,230516,330516,18.0,18,50,0.36,0,0,True,step_limit,805ed2ea5c3f151023b5bb434a47317d9537b585eef576d28cf3b3f0639e7eed,False,False,0.4237413406372054,2.7437210083007812
loot-crate,repeat,230517,330517,5.0,5,50,0.1,0,0,True,step_limit,1a8e3d57e3d6fc3f529b16c83e670443fab8d81bba5b6da2dc523889e1af3175,False,False,0.28239488601684537,4.669189453125
loot-crate,repeat,230518,330518,22.0,22,50,0.44,0,0,True,step_limit,2b289251bcd2ead67a31e3afd99d07dbd1e5cebf67198f4b2d36785e327d51ab,False,False,0.3803730010986323,1.7666816711425781
loot-crate,repeat,230519,330519,7.0,7,50,0.14,1,0,False,killed,9511b499ee87cb33a78699fdb4935469cca2fd25a11cf6c2d5ce1578613f11a6,False,False,0.7863044738769527,0.9150505065917969
loot-crate,repeat,230520,330520,21.0,21,50,0.42,0,0,True,step_limit,be594a3d4cbe8c1b25d8f23f0bbde4ada5a4aedc50f816f8d87c2df61aa1de2b,False,False,0.4790544509887679,1.2111663818359375
mixed,primary,230101,330101,1.0,1,9,0.1111111111111111,0,0,True,step_limit,362b6c873abd257daa220ce86b2ac7193ea5f5bdfa18517ea689103dbfea7be0,False,False,0.39950609207153287,0.6549358367919922
mixed,primary,230102,330102,8.0,3,9,0.3333333333333333,1,1,False,killed,da3b1775f4155b8a6383f1bd8adab6aeaeb3502d2cc1411ed8843408eea49f74,False,False,0.3619194030761719,0.7848739624023438
mixed,primary,230103,330103,4.0,4,9,0.4444444444444444,0,0,False,killed,504d850f7058f68f35115c58b3c8bd84f5f6aa370a34ec1688aaa0a03a1f49c6,False,False,0.5076408386230467,1.1820793151855469
mixed,primary,230104,330104,3.0,3,9,0.3333333333333333,0,0,True,step_limit,32bc4c476a3e99f83dbd23a0c0b3f4cd002b9c561304321e5e6edaa7799170f8,False,False,0.6739258766174289,1.4281272888183594
mixed,primary,230105,330105,2.0,2,9,0.2222222222222222,0,0,False,killed,36c84e64a0b51843558d1aab928e957b67de87cdfc775d845ba2ee9da6cf7625,False,False,0.6432533264160156,1.1210441589355469
mixed,primary,230106,330106,0.0,0,9,0.0,0,0,False,killed,964e6660fcdae066253b9168f0e0c1dc36760fe572a53080db5acf8eedccb0bb,False,False,0.6573200225830078,1.1587142944335938
mixed,primary,230107,330107,0.0,0,9,0.0,1,0,False,killed,c0ce3bc0140e971e5aabe9c3ec43f0d0bb65237ce65f63a37b6e8054361a8335,False,False,0.3796339035034179,1.0571479797363281
mixed,primary,230108,330108,2.0,2,9,0.2222222222222222,1,0,False,killed,643cf0a4c642952f473273de66ffc7475bda2d21931c52b0709f85d30e68b6eb,False,False,0.3746390342712402,0.8299350738525391
mixed,primary,230109,330109,0.0,0,9,0.0,1,0,False,killed,afaea1cb83608d8037400eeb5985bde774d851a9ad88cb7f46b3a839e85d6810,False,False,0.6867408752441405,1.2989044189453125
mixed,primary,230110,330110,1.0,1,9,0.1111111111111111,0,0,False,killed,be0a32d5d5284b1ffdc3317dab7b2e6212b1f99ae6b08caee831d458600f56f5,False,False,0.37772655487060536,1.3928413391113281
mixed,primary,230111,330111,0.0,0,9,0.0,1,0,False,killed,27fda93b7547fb1a9db81ff9d2e6e8f9f86eb469a097ac0f15d84ef0881e1805,False,False,0.5710124969482422,2.4077892303466797
mixed,primary,230112,330112,1.0,1,9,0.1111111111111111,1,0,False,killed,93cd429c6c26c467cfce23d17df974675f7a967527b1d7a55745f62fcb6b949a,False,False,0.7990479469299312,3.1299591064453125
mixed,primary,230113,330113,1.0,1,9,0.1111111111111111,1,0,False,killed,6a811abbe9a8b32264aa1a6f420b488a4345ad2290f4761d1197493a377038ea,False,False,0.6614923477172852,1.0418891906738281
mixed,primary,230114,330114,1.0,1,9,0.1111111111111111,1,0,False,killed,329362674980f04220522201dd22ea0d5cdb93a4aa768450e01185bba2ab81a1,False,False,1.840925216674804,2.8553009033203125
mixed,primary,230115,330115,4.0,4,9,0.4444444444444444,0,0,False,killed,8a7b4d66a0d9c5c65b20cd58067571ce5e6338b22c2b764268fd42772faeafb1,False,False,1.0576725006103513,1.3921260833740234
mixed,primary,230116,330116,1.0,1,9,0.1111111111111111,0,0,False,killed,8571722beeca75179c0514dc5ce3a0d13cdcb19438ec3505eb53041ac54214d3,False,False,0.74622631072998,1.3380050659179688
mixed,primary,230117,330117,1.0,1,9,0.1111111111111111,1,0,False,killed,941edf926a234ac7d0e467213036d4e0ab26509728e5d16d64875f84adb4c6b8,False,False,0.6797075271606441,1.0898113250732422
mixed,primary,230118,330118,1.0,1,9,0.1111111111111111,1,0,False,killed,40c977d3269881c46e06271a372c960584d62a521f171dd9f17b7f2a2cc000c7,False,False,1.2542009353637689,1.8398761749267578
mixed,primary,230119,330119,1.0,1,9,0.1111111111111111,0,0,True,step_limit,7c452b2cafbdc6bb5e3d20feffade026883b67dd93d9cfd9f0947bb83ffe0e2b,False,False,1.0525107383728023,2.2792816162109375
mixed,primary,230120,330120,1.0,1,9,0.1111111111111111,1,0,False,killed,7d9ca0b668e48176c2a9d43f546b18c7e1c48ce1058fb4e057078c2ee00e25c0,False,False,0.5494594573974609,0.7338523864746094
mixed,repeat,230101,330101,1.0,1,9,0.1111111111111111,0,0,False,killed,4c94ffcedb7bd2495334891368ef5855d5c580b0e2863a5a207fb189008c1b1b,False,False,0.44121742248535145,0.5581378936767578
mixed,repeat,230102,330102,4.0,4,9,0.4444444444444444,0,0,False,killed,373b84aea6552ba5a6eb9c10849ccd3db1b2290d1b0fea03d5b5b39816ec81bc,False,False,1.2306928634643552,2.6197433471679688
mixed,repeat,230103,330103,4.0,4,9,0.4444444444444444,0,0,False,killed,6b7d9a212e4df8653f019dfd80d24080f849ab0838f34782bcf88f08682ab285,False,False,0.9541511535644531,1.7418861389160156
mixed,repeat,230104,330104,8.0,3,9,0.3333333333333333,0,1,True,step_limit,e34e6be9d2b04d22d9f2f779fe43c0aae67bda35da084dbfd9d4b028678e87c2,False,False,1.0235309600830071,4.657983779907227
mixed,repeat,230105,330105,2.0,2,9,0.2222222222222222,0,0,True,step_limit,bb8a9fdda582b1bfd197e628acca62fe588d14bd357de108368b370cea47b3dd,False,False,0.9767174720764157,1.4379024505615234
mixed,repeat,230106,330106,0.0,0,9,0.0,1,0,False,killed,ebe20b3191846954b3ef1fcf024baedd10aa8a6c63eeebdeca715ffbeb5db388,False,False,0.7464408874511719,0.9553432464599609
mixed,repeat,230107,330107,0.0,0,9,0.0,1,0,False,killed,87202639026acfec10aaa05277f6c78e91c637f7dfbdddcac9836ec800129bbd,False,False,0.5824804306030272,1.1882781982421875
mixed,repeat,230108,330108,1.0,1,9,0.1111111111111111,0,0,False,killed,a2d3a02b8821c79b42b0d9e077d443576fb267fad8e26cece0aa134dce6fed2c,False,False,1.5568733215332027,4.651069641113281
mixed,repeat,230109,330109,0.0,0,9,0.0,0,0,False,killed,d72bbdd045551215f5b6a718f5145428b521fbb54b1d4cfb6b338fdcb17d80f1,False,False,1.1420130729675277,1.6520023345947266
mixed,repeat,230110,330110,1.0,1,9,0.1111111111111111,0,0,False,killed,be0a32d5d5284b1ffdc3317dab7b2e6212b1f99ae6b08caee831d458600f56f5,False,False,0.515460968017578,1.3556480407714844
mixed,repeat,230111,330111,6.0,1,9,0.1111111111111111,0,1,True,step_limit,c33fa557cb8215b6a902c3e4b3fb74492cf137203f327307ed369fee2790efc4,False,False,0.8198738098144499,3.568887710571289
mixed,repeat,230112,330112,4.0,4,9,0.4444444444444444,1,0,False,killed,0979b69b4bfc2b251cb7951c9b4b788932351fdc87be8070ae14062fdc1dd535,False,False,1.1110305786132812,1.5459060668945312
mixed,repeat,230113,330113,3.0,3,9,0.3333333333333333,0,0,True,step_limit,b678751a7b043cbda19c2d7098e79b846291cd4135366f933719c973bd2dd8a5,False,False,1.0105729103088348,4.838228225708008
mixed,repeat,230114,330114,1.0,1,9,0.1111111111111111,0,0,False,killed,53e77a94162f59003aa2917cf759acec85e3ae8cd070185591e8925ce3fe19bc,False,False,1.0230064392089842,1.1920928955078125
mixed,repeat,230115,330115,4.0,4,9,0.4444444444444444,0,0,False,killed,d0a783298395f1872a76e6a9785bd8d1492022ed5c7b23185900a0bea2302cba,False,False,0.8491873741149902,1.7652511596679688
mixed,repeat,230116,330116,2.0,2,9,0.2222222222222222,0,0,False,killed,b6e074cc3f300a7c9fd9dfc7a95ab3aa674b2117ad900f9e7176bff7d1ba2b04,False,False,0.8228421211242676,3.692150115966797
mixed,repeat,230117,330117,1.0,1,9,0.1111111111111111,1,0,False,killed,941edf926a234ac7d0e467213036d4e0ab26509728e5d16d64875f84adb4c6b8,False,False,1.320552825927734,2.3009777069091797
mixed,repeat,230118,330118,1.0,1,9,0.1111111111111111,0,0,False,killed,ee3b286289150fd09289ba17bd1f6775024102a52c4d1b39b59d15ddb6155596,False,False,0.9914636611938477,4.878997802734375
mixed,repeat,230119,330119,1.0,1,9,0.1111111111111111,0,0,False,killed,50245368f03fe433a237309388afd59f5684eabcf1cb4937ef86786b64d03036,False,False,1.688790321350097,7.519006729125977
mixed,repeat,230120,330120,1.0,1,9,0.1111111111111111,1,0,False,killed,1adf3a1f7957802fdaf27e7506a9bd7cfabaf0a0957d25211c7f7eb4ff70829c,False,False,1.201486587524414,5.600929260253906
peaceful,primary,230201,330201,0.0,0,9,0.0,0,0,True,step_limit,2e9eacc1a2883bccd225f0b7875f40536785d782eeb640c9ecc10bf5c6832731,False,False,0.621390342712402,1.9321441650390625
peaceful,primary,230202,330202,1.0,1,9,0.1111111111111111,0,0,True,step_limit,9134e8646c15a47b02d365b7b3bdfcfb3f06a25ab3f120845fbdc0ffd73ee48e,False,False,0.6918311119079582,3.310680389404297
peaceful,primary,230203,330203,7.0,2,9,0.2222222222222222,0,1,True,step_limit,874314ab6ea6ae2c675219632ef1851fdb7a0cc067bf7c3e09283068e199a2c0,False,False,0.6172657012939451,1.2629032135009766
peaceful,primary,230204,330204,3.0,3,9,0.3333333333333333,0,0,True,step_limit,3f68e85d880cc64d8a777bd529c2abd9eef3ea68bd00e32ad916397b43dcc4a3,False,False,0.7674455642700191,2.8591156005859375
peaceful,primary,230205,330205,0.0,0,9,0.0,0,0,True,step_limit,80f0d5f4c8d8b44414ce6bde35be54117849ed931f783dd7166865e09821e1fb,False,False,0.6944656372070307,2.5641918182373047
peaceful,primary,230206,330206,2.0,2,9,0.2222222222222222,0,0,True,step_limit,3f016501edd82a1dede43fb5f901ad3abc0e3fec82e26bcdc86f6bba18e68d71,False,False,1.0436415672302242,9.022951126098633
peaceful,primary,230207,330207,5.0,5,9,0.5555555555555556,1,0,False,killed,5602e2cad244b790798218e8b6ddf66052a3427d5654aa8e27d99b79c977be16,False,False,1.2688040733337393,2.7718544006347656
peaceful,primary,230208,330208,0.0,0,9,0.0,0,0,True,step_limit,42a461ecc6d6cb7742416ad4cbf71530250ea09e315a7bafa011f4385875faf0,False,False,0.7409214973449701,7.588863372802734
peaceful,primary,230209,330209,2.0,2,9,0.2222222222222222,0,0,True,step_limit,737e6ba7666bbfc226dafd2f22c7942b0a22c692f1c99e1bb218877c76bc76ef,False,False,0.8168220520019527,3.081083297729492
peaceful,primary,230210,330210,3.0,3,9,0.3333333333333333,0,0,True,step_limit,fffedf00f40262e622f56190535eb7bd323245f4f65252c9b830c303da42baaa,False,False,1.0535836219787567,4.730939865112305
peaceful,primary,230211,330211,6.0,1,9,0.1111111111111111,0,1,True,step_limit,4b177c918adf9cd7e8e98169e0d44e91323610ed8e2bdcb36318937c50bef9f6,False,False,0.79735517501831,1.5659332275390625
peaceful,primary,230212,330212,2.0,2,9,0.2222222222222222,1,0,False,killed,73eb858ee6acb835ccd1011d3a5f3b490a0159c352cc4fe5e8ab507abe438370,False,False,0.9867548942565918,2.285003662109375
peaceful,primary,230213,330213,1.0,1,9,0.1111111111111111,0,0,True,step_limit,f440b46971da2f348ae822a4e2e00b6270655e65657f3a7a0e82522bd34fea12,False,False,0.7331371307373045,1.9140243530273438
peaceful,primary,230214,330214,0.0,0,9,0.0,0,0,True,step_limit,7b0e5c7d3d7778f39b90610a36da5e095274dbab3613fa9178779497fb9267d4,False,False,0.9625792503356928,2.156972885131836
peaceful,primary,230215,330215,6.0,6,9,0.6666666666666666,0,0,True,step_limit,618ae7d9bdecba7f6d32d1824ce9d4a413b53a53de67802fec94257cc7af30a8,False,False,0.514459609985351,2.440214157104492
peaceful,primary,230216,330216,3.0,3,9,0.3333333333333333,0,0,True,step_limit,9d94ff6fbf39b364b35de3460e1e422f4041d540c5ac713f2a6ae26ba1294613,False,False,0.794911384582518,2.482175827026367
peaceful,primary,230217,330217,2.0,2,9,0.2222222222222222,0,0,True,step_limit,44523b939f0f2394a8f9751e6ad44214bcd1a7228a2151bc7752843bb58cf964,False,False,0.7751703262329098,2.221822738647461
peaceful,primary,230218,330218,3.0,3,9,0.3333333333333333,0,0,True,step_limit,88def7cab194186508e34f10e3343a338241ba1c84f2c11a3c027fd628400b22,False,False,0.7453441619873045,6.386995315551758
peaceful,primary,230219,330219,7.0,2,9,0.2222222222222222,0,1,True,step_limit,d13a57d12d4134aee772028daaeb2e7a4a022635e57a841ee4532634c4986eec,False,False,0.7289767265319816,1.8229484558105469
peaceful,primary,230220,330220,0.0,0,9,0.0,0,0,True,step_limit,e22adcd14fd4234c1a022e8a83cd6284b8267b7ac642ff467e0c7495ba6575c7,False,False,0.4815816879272455,1.1739730834960938
peaceful,repeat,230201,330201,0.0,0,9,0.0,0,0,True,step_limit,2e9eacc1a2883bccd225f0b7875f40536785d782eeb640c9ecc10bf5c6832731,False,False,0.7111787796020478,3.013134002685547
peaceful,repeat,230202,330202,1.0,1,9,0.1111111111111111,0,0,True,step_limit,9134e8646c15a47b02d365b7b3bdfcfb3f06a25ab3f120845fbdc0ffd73ee48e,False,False,0.6061553955078124,2.8810501098632812
peaceful,repeat,230203,330203,6.0,1,9,0.1111111111111111,0,1,True,step_limit,dd4937bafdd7ee87c6b5ce7234c50664c70b919f7641a3f3d4cc5a7b9b76e57e,False,False,0.4340410232543944,3.606081008911133
peaceful,repeat,230204,330204,3.0,3,9,0.3333333333333333,0,0,True,step_limit,3f68e85d880cc64d8a777bd529c2abd9eef3ea68bd00e32ad916397b43dcc4a3,False,False,0.49058198928832975,1.2040138244628906
peaceful,repeat,230205,330205,0.0,0,9,0.0,0,0,True,step_limit,80f0d5f4c8d8b44414ce6bde35be54117849ed931f783dd7166865e09821e1fb,False,False,0.4237771034240717,1.756906509399414
peaceful,repeat,230206,330206,3.0,3,9,0.3333333333333333,0,0,True,step_limit,d041035ef4e6e134ced91dbf5deb1b226a4412974d34d91d05c1dc2b0a78c8a0,False,False,0.8324742317199704,1.9559860229492188
peaceful,repeat,230207,330207,5.0,5,9,0.5555555555555556,1,0,False,killed,5602e2cad244b790798218e8b6ddf66052a3427d5654aa8e27d99b79c977be16,False,False,0.9612798690795897,1.9812583923339844
peaceful,repeat,230208,330208,0.0,0,9,0.0,0,0,True,step_limit,42a461ecc6d6cb7742416ad4cbf71530250ea09e315a7bafa011f4385875faf0,False,False,0.44413805007934465,1.3740062713623047
peaceful,repeat,230209,330209,2.0,2,9,0.2222222222222222,0,0,True,step_limit,737e6ba7666bbfc226dafd2f22c7942b0a22c692f1c99e1bb218877c76bc76ef,False,False,0.9278774261474602,4.807949066162109
peaceful,repeat,230210,330210,3.0,3,9,0.3333333333333333,0,0,True,step_limit,fffedf00f40262e622f56190535eb7bd323245f4f65252c9b830c303da42baaa,False,False,0.7761001586914062,2.8619766235351562
peaceful,repeat,230211,330211,6.0,1,9,0.1111111111111111,0,1,True,step_limit,4b177c918adf9cd7e8e98169e0d44e91323610ed8e2bdcb36318937c50bef9f6,False,False,0.8212566375732421,3.95965576171875
peaceful,repeat,230212,330212,9.0,4,9,0.4444444444444444,0,1,True,step_limit,f8bf536aa235b976f8c4aa06dcc1a5b002d9c57821e09c9f471f275c15ac3542,False,False,0.22166967391967715,0.6639957427978516
peaceful,repeat,230213,330213,1.0,1,9,0.1111111111111111,0,0,True,step_limit,f440b46971da2f348ae822a4e2e00b6270655e65657f3a7a0e82522bd34fea12,False,False,0.5952358245849599,1.27410888671875
peaceful,repeat,230214,330214,0.0,0,9,0.0,0,0,True,step_limit,7b0e5c7d3d7778f39b90610a36da5e095274dbab3613fa9178779497fb9267d4,False,False,0.30040740966796853,3.1380653381347656
peaceful,repeat,230215,330215,6.0,6,9,0.6666666666666666,0,0,True,step_limit,618ae7d9bdecba7f6d32d1824ce9d4a413b53a53de67802fec94257cc7af30a8,False,False,0.3493785858154294,1.0581016540527344
peaceful,repeat,230216,330216,3.0,3,9,0.3333333333333333,0,0,True,step_limit,9d94ff6fbf39b364b35de3460e1e422f4041d540c5ac713f2a6ae26ba1294613,False,False,0.3371834754943847,0.5929470062255859
peaceful,repeat,230217,330217,2.0,2,9,0.2222222222222222,0,0,True,step_limit,44523b939f0f2394a8f9751e6ad44214bcd1a7228a2151bc7752843bb58cf964,False,False,0.2608299255371094,0.6439685821533203
peaceful,repeat,230218,330218,3.0,3,9,0.3333333333333333,0,0,True,step_limit,88def7cab194186508e34f10e3343a338241ba1c84f2c11a3c027fd628400b22,False,False,0.27399063110351557,0.4792213439941406
peaceful,repeat,230219,330219,7.0,2,9,0.2222222222222222,0,1,True,step_limit,68630e0b00c57d1a17ba0b476f3d2dd2b232f56e806ff7599e6c113dac31a613,False,False,0.27713775634765614,0.5819797515869141
peaceful,repeat,230220,330220,0.0,0,9,0.0,0,0,True,step_limit,e22adcd14fd4234c1a022e8a83cd6284b8267b7ac642ff467e0c7495ba6575c7,False,False,0.25092363357543934,0.5040168762207031
