replica,scenario,world_seed,agent_seed,collection_fraction,opponents_eliminated,self_kills,score,invalid_actions,decision_time_p95_ms,decision_time_max_ms,action_sequence_sha256,repeat_match
r1,peaceful,186101,286101,0.2222222222222222,0,0,2,2,0.4570126533508299,0.7898807525634766,382edce2e82a8f9ed824e1a2d3db101669acf107873a3c4e5fe1b22c4e803d60,True
r1,peaceful,186102,286102,0.2222222222222222,0,0,2,8,0.8287549018859863,1.0409355163574219,774f46888947763ffd34d5a61dd5202b9129345b9e117c483ba51d7620a3b421,True
r1,peaceful,186103,286103,0.1111111111111111,0,0,1,3,0.44898986816406244,0.5757808685302734,780731bc13d1c57f5ebcf6ff70302b57bd5f382e5d628de6fa40a5dca41008b1,True
r1,peaceful,186104,286104,0.0,0,0,0,1,0.3412246704101562,0.5819797515869141,753ccd3d65a24af1f636e5b1de9e4fc66038a438a642934d6157ac3a78d41e45,True
r1,peaceful,186105,286105,0.1111111111111111,0,0,1,0,0.44460296630859336,0.7038116455078125,39277aaa06d88ef5bee6f4e72332240e3f57f7bef1375b90bacc431194b2e507,True
r1,peaceful,186106,286106,0.1111111111111111,0,0,1,1,0.408172607421875,0.5578994750976562,17705b3bf6379f2828d05e3df6e926b635ee9e4bba7712a718cb574c6c0ad52d,True
r1,peaceful,186107,286107,0.2222222222222222,0,0,2,1,0.5123734474182127,0.7510185241699219,8225b4f3d2a81bc3ec3e46d23b0a15f5d5194bac908c83802c24d94b7bb32664,True
r1,peaceful,186108,286108,0.8888888888888888,1,0,13,3,0.4840135574340818,0.8301734924316406,a27a36d1985cc409d986e50e55a6a5d348ff012bf6916d58899b34a46f55d1b3,False
r1,peaceful,186109,286109,0.0,0,0,0,0,0.4201769828796386,0.7472038269042969,261e9efc03a5097117cc703d1e66318951b62d7811cdcefb9b2c17c596324e14,True
r1,peaceful,186110,286110,0.3333333333333333,0,0,3,6,0.5863666534423827,0.8180141448974609,d979de04e9c93bb7be00f91c72a790ba83f8fc0f79ee7b5a93488cd4029cf372,True
r1,peaceful,186111,286111,0.1111111111111111,0,0,1,39,0.45539140701293923,0.7309913635253906,c2cbf5a17a8c06949bd21b0213c39096df9b8df24b559860b64c0d19451397c5,True
r1,peaceful,186112,286112,0.0,0,0,0,0,0.26707649230957026,0.5931854248046875,45754d19ec7510d6d4c6590a79c2b144b13ebe81bb0421b8370af6f078acedd7,True
r1,peaceful,186113,286113,0.2222222222222222,0,0,2,0,0.6039619445800781,0.9300708770751953,0366057bc5475418faa5b783185136f20768242a09fccfcb9373bc15914e3979,True
r1,peaceful,186114,286114,0.1111111111111111,0,0,1,0,0.2866506576538081,0.4611015319824219,9e6a627faceae67f4d9944bba4854bc4a0438a1d7f0168fbe1da92c9950234a0,True
r1,peaceful,186115,286115,0.0,0,0,0,0,0.48213005065917963,0.6318092346191406,7f929b8cd2913f18a3bcb25c7be883b15e06a2971018fcfc051cba294309ce42,True
r1,peaceful,186116,286116,0.0,0,0,0,0,0.5680203437805175,0.9658336639404297,adce7e0f0b36f46b3ff82614bcdcd8a526f7091f8732ed198fd7ddfe2d655d42,True
r1,peaceful,186117,286117,0.3333333333333333,0,0,3,1,0.6127595901489251,0.98419189453125,6634ead9bae5ed0bfe181ff96823c59e919cceb0ea13bf3f450627dfbc7fec01,True
r1,peaceful,186118,286118,0.3333333333333333,0,0,3,63,0.6801724433898924,0.9069442749023438,6b89498b9ca577e1c5d0cf5d7e4f5fab658d482e2838af6a57d57b7b64e3afac,False
r1,peaceful,186119,286119,0.0,0,0,0,0,0.40208101272582997,0.7150173187255859,84596a342db78ef2b5faa5cb11173e3a9985d75e18fcbfbca1ec935c14c2006a,True
r1,peaceful,186120,286120,0.0,0,0,0,0,0.47789812088012684,0.7050037384033203,d417f2278ccf55ef4e2f70b1c475ffa178fa7136c90fc9136e0c1b7c46af62e6,True
r1,coincollector,186201,286201,0.0,0,1,0,0,1.3055562973022448,2.374887466430664,af64ad9e8373b53b90c0a5f58322865c0ec14735d1d532a93523fc03ac853e4c,True
r1,coincollector,186202,286202,0.2222222222222222,0,1,2,2,2.0453929901123034,3.4418106079101562,cdc430961415e16de0a1c0333038e3d780d6d78677f61e0546abed111609df3d,False
r1,coincollector,186203,286203,0.2222222222222222,0,0,2,4,0.7263302803039547,2.250194549560547,09a76d7c0693acab4dac2f4961c0dd2b12a756f4de58b43b1c85ead5abd1432a,False
r1,coincollector,186204,286204,0.1111111111111111,1,0,6,6,1.384115219116211,2.08282470703125,fc080841f6304821627d807a803dd427e894b8e02e4fc71eb564324204c0c668,False
r1,coincollector,186205,286205,0.4444444444444444,1,0,9,17,1.9593358039855944,4.639863967895508,56f17bf5f3f5458ef4a0526d443a1df90f9a7a7d14210a100806c4a8eeb9545d,False
r1,coincollector,186206,286206,0.3333333333333333,1,0,8,39,2.1853804588317867,21.192073822021484,176bdaca07de7b55e90761df4a95a04b7b31b1be7ff71ace7420c14e570d2168,False
r1,coincollector,186207,286207,0.2222222222222222,0,0,2,6,2.1611690521240225,6.514072418212891,cfc4210c8d0a3f4d4965c699b76e2e6638ab4fd61b97aababa5d59dc697d015d,False
r1,coincollector,186208,286208,0.1111111111111111,0,1,1,0,0.9865760803222656,2.017974853515625,226e276a5b8d874ad86071f60df3599e051e0fe9a624a3640a3390ab6112b06e,False
r1,coincollector,186209,286209,0.0,0,1,0,1,1.9919991493225087,3.7910938262939453,fd3e8b80bdcc6a15ebb3f87c126e05121bcdc2ab75f4842b31acaf78cc2605ba,False
r1,coincollector,186210,286210,0.3333333333333333,0,0,3,7,4.148364067077637,8.199930191040039,d49c4545cef3626d82831598b093e80da87d98f313d740e161c327a37c912609,False
r1,coincollector,186211,286211,0.3333333333333333,0,0,3,1,1.1116862297058105,1.6238689422607422,109c0c34f9f0692a1962fbe1f46ff284d0ca49bd4ed4dbe19750a5356713bfc8,False
r1,coincollector,186212,286212,0.5555555555555556,0,0,5,7,3.2327175140380797,8.698225021362305,b4c1175bc596937a7e008079deb0e4f9a49a86ade56204f821cf80f959ea36da,False
r1,coincollector,186213,286213,0.2222222222222222,0,1,2,5,4.713594913482668,10.082006454467773,f1730c9276e66aab5cc8bf7a8f82195174c4baef5d89e04ad08965021b70ba42,False
r1,coincollector,186214,286214,0.0,0,1,0,2,2.4607658386230464,3.7660598754882812,c77efcf5fda6b5fb186236f8356e82ea5838b329be7c43c032dca360a93c5618,False
r1,coincollector,186215,286215,0.2222222222222222,0,0,2,12,3.6631822586059566,9.749174118041992,cf55fda6b50eea747ca71b644e26f69c761aadcc69919f1d87f03adb522da837,False
r1,coincollector,186216,286216,0.2222222222222222,0,1,2,1,2.7534246444702113,5.593061447143555,d2644ef1988993ac9dcd1517d358ea35c7b4b0c44af2c2b04cc435e988909f51,False
r1,coincollector,186217,286217,0.6666666666666666,0,0,6,4,1.8663763999938952,4.160881042480469,7da9b48b56d8e5ed67f88f5d74600e22bc9228c668749ed1be9b3e2480317906,False
r1,coincollector,186218,286218,0.2222222222222222,0,0,2,4,2.010321617126464,5.03087043762207,a22eed039567c144aa805b15d1afd997e7f1d2e267f610659bf41abc7eebd7a8,False
r1,coincollector,186219,286219,0.2222222222222222,0,0,2,13,1.4311194419860822,2.437114715576172,3a858af53d5714d3baaa7898d3bbc5b785a7799f4e17d4fedf22daed897f6210,False
r1,coincollector,186220,286220,0.0,0,0,0,8,2.1162509918212895,3.60107421875,95547652980019cfb4b8660f344ea3ad35aee17d575b34d5de2052eaab63c02e,False
r1,classic,186301,286301,0.3333333333333333,0,0,3,2,0.289356708526611,0.5719661712646484,677d543cddb36e1a6bf0100635854f8f07e2ef1c104c75cfed67d9a0a08b6218,True
r1,classic,186302,286302,0.0,0,0,0,0,0.22541284561157196,0.5269050598144531,4277843099459e464b9051703580748d8b4fb7fef96c2bf1a624ffaca67c9c37,True
r1,classic,186303,286303,0.0,0,0,0,0,0.23827552795410148,0.4830360412597656,676d56fcf2a9023e18afec1eb063d775f5824c7797bc19a2f23377601cfa4afe,True
r1,classic,186304,286304,0.1111111111111111,0,0,1,0,0.27232170104980463,0.4658699035644531,94bde3cc4faf18ad18a67267cebe18ee35d2f2c44ea5fe54cc3ac766c1c8de05,True
r1,classic,186305,286305,0.5555555555555556,0,0,5,1,0.32401084899902344,0.5638599395751953,3806b14fc507c455097493da5b7c06b5db7fa08253d0c1c6c9d13f19a33e3893,True
r1,classic,186306,286306,0.0,0,0,0,0,0.2509355545043944,0.5521774291992188,95027d3d21130d047dcca7125a61ee38ddbe5990416788047de9555139c19d54,True
r1,classic,186307,286307,0.6666666666666666,0,0,6,3,0.5632877349853515,0.7979869842529297,6fc934c601c2b779f627ca280c4229fea6a3ba6b57d15f0b728e87ca1f368cbe,True
r1,classic,186308,286308,0.2222222222222222,0,0,2,1,0.2609848976135252,0.48470497131347656,1cacf31fc554af7a730d7802bdf686fca768df2ba76adb5240b736aabd286c3a,True
r1,classic,186309,286309,0.6666666666666666,0,0,6,3,0.3143787384033202,0.5612373352050781,582b3af318c6a64df4bf5083c70758e2ddb1ca08c1967fbeb4eaa5890c55e7e9,True
r1,classic,186310,286310,0.4444444444444444,0,0,4,2,0.27208328247070307,0.4467964172363281,770475b0ac02aabe601d6b83e2d87b0d2e1b62b0816a79ef8c2a9a471fd67b8a,True
r1,classic,186311,286311,0.4444444444444444,0,0,4,1,0.3099918365478515,0.7350444793701172,47149eaa6d1d994728d8f4d9d1e72ea8d1379b0580f0489d5a52915116f3f191,True
r1,classic,186312,286312,0.6666666666666666,0,0,6,5,0.482964515686035,17.055988311767578,4a56099aec99af93dca43bf2eaedb54c4f37b614f6ff5e6f6c9ce16ed9c1d360,True
r1,classic,186313,286313,0.2222222222222222,0,0,2,0,0.26799440383911133,0.5908012390136719,d0cfec8dadf0148fab8c66ce1b6c677fe68dc897856b9fd5e6fd3cbcdf0c7da2,True
r1,classic,186314,286314,0.1111111111111111,0,0,1,1,0.27111768722534174,0.47898292541503906,e82c0e8e5791beaf952ae06b0b3dae5bb9335f894b8081f336ede3621fca25ee,True
r1,classic,186315,286315,0.0,0,0,0,0,0.25706291198730463,0.48804283142089844,95027d3d21130d047dcca7125a61ee38ddbe5990416788047de9555139c19d54,True
r1,classic,186316,286316,0.2222222222222222,0,0,2,22,0.43549537658691373,0.9181499481201172,cb371d355383bfb4f72a83d3dbc7120dc8cf5e00add73ffa9bc8abf87719467f,True
r1,classic,186317,286317,0.1111111111111111,0,0,1,5,0.4727959632873535,0.8578300476074219,30412feaa64cef25a91308d34a9d6a13b8eb75e48b99f42c04c6dfeff7efc400,True
r1,classic,186318,286318,0.0,0,0,0,0,0.32691955566406244,1.0559558868408203,94031db23b1f29ba87fc355a0df6b987d0fe5d654a4a5faa53ed51816754e495,True
r1,classic,186319,286319,0.0,0,0,0,0,0.28896331787109375,0.5640983581542969,5b84972a38faea8d7a073fc83a67073a38cbda50f50c6c46db751c7c160a8194,True
r1,classic,186320,286320,0.2222222222222222,0,0,2,0,0.4570603370666504,0.7119178771972656,16557b39ca26803b1afff74cd536c2db71f26c2eb978a840f8cfc9064a95ea21,True
r1,coin-heaven,186401,286401,1.0,0,0,50,0,0.5757808685302733,1.024007797241211,36eefbba6b8765e8d6ea3b2b3f2eddd67f04ac4d5913ff1497690d3185a7ef44,True
r1,coin-heaven,186402,286402,1.0,0,0,50,0,0.4957437515258788,0.8120536804199219,448b852286ded453935eebd4118e95888c2a22385432c94765aaa1d0696486c1,True
r1,coin-heaven,186403,286403,1.0,0,0,50,0,0.41480064392089827,0.5843639373779297,c3d3ccb0f9b75f45d65d4d9f812085f89bdfcdd6eb7bbe77f4d69045014f9407,True
r1,coin-heaven,186404,286404,1.0,0,0,50,0,0.5503177642822266,1.0788440704345703,4a135740b376e06af3858b4900412f6724aaa134081d133330ab071b4d9e2659,True
r1,coin-heaven,186405,286405,1.0,0,0,50,0,0.789642333984375,1.1241436004638672,5ff0cae918eacb920420ed839d9660348022e79de19d03fa075a1cb62f156ba8,True
r1,coin-heaven,186406,286406,1.0,0,0,50,0,0.9227991104125977,1.2919902801513672,c62ca0db1c14d4db7ca034c9193f32f8a3fb59a0d8a53b67fe4e88ee4be44e39,True
r1,coin-heaven,186407,286407,1.0,0,0,50,0,1.385223865509033,2.73895263671875,b29cf7bf3c439ad6310341b9e51190f912c9d418bd436ee7695d002711bed838,True
r1,coin-heaven,186408,286408,1.0,0,0,50,0,1.2799978256225573,1.9550323486328125,ee1e1ee822683af4e23c5de6c48c141a6e6e6949045ed56f6ad95979fd329b38,True
r1,coin-heaven,186409,286409,1.0,0,0,50,0,0.8609175682067871,2.6979446411132812,ca14f5cec9fe0f9341d25700033e56a568f72c1579fae94d7cac3a70e6a4a27e,True
r1,coin-heaven,186410,286410,1.0,0,0,50,0,0.9019851684570305,1.489877700805664,85824d31540ee8f61a22bc70a35f209acaa0bd31d416164fc2022d24747abdde,True
r1,coin-heaven,186411,286411,1.0,0,0,50,0,0.7860183715820311,1.4808177947998047,342128bc0bf8f481daf7c81d164aec4c074d7db06f7c0815e02eaaac33b4646e,True
r1,coin-heaven,186412,286412,1.0,0,0,50,0,0.6759166717529297,1.1398792266845703,adb037104a0dd2c3b30581cfc6e846256d65e813d26dcb68d7e42239faaa12af,True
r1,coin-heaven,186413,286413,1.0,0,0,50,0,0.7243752479553223,2.2819042205810547,2492003fab10a44b2b0ba92150d5ce0967099f33b9a925b03e55e8ca165f36d8,True
r1,coin-heaven,186414,286414,1.0,0,0,50,0,1.0332107543945312,1.3649463653564453,d0e6495662ce62484c820375156f6bff8e856f9d08c6389c2f319e093283bd7a,True
r1,coin-heaven,186415,286415,1.0,0,0,50,0,0.77744722366333,1.154184341430664,ac9642a5a6d952241d115d4f3fee0d88fd88736f29a8a2d68a387011dc1ed9ca,True
r1,coin-heaven,186416,286416,1.0,0,0,50,0,1.2827873229980469,1.7249584197998047,de23115be31bfef2fb3aa3cb90b39843c37bc7b6b8869d5d6f33c88814d32acf,True
r1,coin-heaven,186417,286417,1.0,0,0,50,0,1.5901565551757808,2.476215362548828,75ba7349e399c71b0ebdb9a9bd61c3a755f0d2393c7145ead3bb94d5995941a3,True
r1,coin-heaven,186418,286418,1.0,0,0,50,1,1.4180183410644525,2.8312206268310547,5d98248dd43be973212f597c4c8b8d4ee935872a9bfa9c1716873a4ef4f2434c,True
r1,coin-heaven,186419,286419,1.0,0,0,50,0,0.9157657623291016,3.7190914154052734,b8ba8ac2a34a7b570364652b5c306426af06dcbf05e06f7695505c2ac08f9ce1,True
r1,coin-heaven,186420,286420,1.0,0,0,50,0,1.2953877449035645,2.209901809692383,29bbae42d88f6990597260dc33d838184f85e031d326e2bf16ab322340ced6d2,True
r1,loot-crate,186501,286501,0.04,0,0,2,1,0.6814599037170408,1.619100570678711,d643a532852cc84d94ebb2b880cdbb627c53818ec0708547cdc9b6dfd3a4b0c3,True
r1,loot-crate,186502,286502,0.3,0,0,15,11,2.530205249786371,12.683868408203125,03d568dc9945d3e5dbe431e82e0980541244829f3ce53ca2ffb01ebd4940802f,True
r1,loot-crate,186503,286503,0.76,0,0,38,13,2.584576606750488,6.680727005004883,3f5b663000dab63f1ec0a7a38bc54200f8424943590c894c274bbf587e2fa41f,True
r1,loot-crate,186504,286504,0.42,0,0,21,3,1.2613534927368162,2.6361942291259766,863c42d7b07c90604eca9dd70f31fc3a340c8a39285bae5217d38b0112a1cd06,True
r1,loot-crate,186505,286505,0.22,0,0,11,11,1.334106922149658,3.0279159545898438,af3226d3110eef654e39a48edf62b8ded797db0398095343c34cac514d1f30a1,True
r1,loot-crate,186506,286506,0.5,0,0,25,8,1.0600566864013672,2.8319358825683594,6c9f4bbf2e1786b51efff2e5b49333e2cc9c1446adba1776bae7b33cf7384dac,True
r1,loot-crate,186507,286507,0.56,0,1,28,17,1.9963979721069336,3.6280155181884766,8c71e909e7538d2c8fb6d41f0aae8c866da33bae9ac6651922b1a96365925231,True
r1,loot-crate,186508,286508,0.36,0,0,18,6,1.5956163406372057,10.056018829345703,72f1b1c2dd13c031b5de298eb3688ec3e5b90a0e0351b7a1eecb0b7abf3d4392,True
r1,loot-crate,186509,286509,0.34,0,0,17,3,1.4955282211303695,2.5870800018310547,c32aa579483709e9ac6bf40867656f6ae38fe17b817a610ceae507a5b7c8e27a,True
r1,loot-crate,186510,286510,0.18,0,0,9,5,1.6840100288391107,3.35693359375,aeee3c7ff627cb59702ce59db31484c2cf4a07bac185b9393dc5949cc6a14da9,True
r1,loot-crate,186511,286511,0.4,0,0,20,11,1.0662078857421873,3.143787384033203,302bf54626a74e810d386bb23715cd983dc0ca8836441c89fedd1c84c8a98bad,True
r1,loot-crate,186512,286512,0.16,0,1,8,1,0.905454158782959,1.5668869018554688,06f9efa6663d7484566da24f76e8a63cb4cfb28fa91ec86c35e1b17cedf9a6d1,True
r1,loot-crate,186513,286513,0.14,0,0,7,6,0.7902145385742186,1.7316341400146484,49ad1b8d7b902416284a6cbd450aa9687a853e5c00a436c2ea94b0640d3b9720,True
r1,loot-crate,186514,286514,0.46,0,0,23,14,1.3219237327575677,2.4361610412597656,1f9baba678f9719505655979754768e556cdec32c988d00187ee94d1e3e900ee,True
r1,loot-crate,186515,286515,0.4,0,0,20,5,1.2896537780761717,2.835988998413086,b29c68d55875cf34c9a999196535d4a7a51d89ce6048cb58efb33a3bbb6439ec,True
r1,loot-crate,186516,286516,0.44,0,0,22,26,1.3461589813232384,4.696130752563477,90bc9542cca4f98fa8601a681d05f9777acb71edfbac60289123839131e5d214,True
r1,loot-crate,186517,286517,0.46,0,0,23,6,1.8633365631103513,3.6749839782714844,a816fd82d2915669de8cbdbe00d4120184e55a335d5b01711d19ea1d7f66d484,True
r1,loot-crate,186518,286518,0.56,0,0,28,14,1.0674715042114244,1.9862651824951172,2f71bed60305e349998e1e70116057e1cecfc0939286a1438584b97c90897913,True
r1,loot-crate,186519,286519,0.16,0,0,8,0,0.7996916770935052,3.484010696411133,9aaacc52bea9c3e596525b4ce7ae8a7e975696e585c8c93334de2283fbdd21ba,True
r1,loot-crate,186520,286520,0.18,0,0,9,7,0.9110569953918457,1.7080307006835938,96ca64b6022912f7fb1bfc50fbc9da63ad13f38c004bff5d104146249b645970,True
r2,peaceful,186101,286101,0.6666666666666666,1,0,11,5,1.7995953559875437,8.605003356933594,f03c4e8455a172f67df1bf5c892e64861306bb9c115f28b3addd090117cce014,False
r2,peaceful,186102,286102,0.2222222222222222,0,0,2,2,1.0577559471130364,1.9211769104003906,894af235a369ecbce5e6a915c6bd2a81cd886e40d052de8c4da88986f863036d,True
r2,peaceful,186103,286103,0.2222222222222222,0,0,2,11,0.7689118385314941,1.0540485382080078,16d08178d366c653c2cde6af1a46fafdfc2197d4589c8a714efbffcb7f84dba7,True
r2,peaceful,186104,286104,0.0,0,0,0,1,0.4094004631042476,0.7951259613037109,b565f7df3987b2846d1b98b8afac31ee3e0b09dc0869498d313a11dec675e2a9,True
r2,peaceful,186105,286105,0.0,0,0,0,0,0.3859996795654297,0.6592273712158203,3972c8de9d51549cabec9d26451d42a5517f47d52fb0e92bb3ac65e0a4ef3b0e,True
r2,peaceful,186106,286106,0.1111111111111111,0,0,1,1,0.5369901657104486,1.0459423065185547,36f1cdb936eefcd9e7fd890b9844bc0a24ffa4231a4adefed293b7c853c9e5ba,True
r2,peaceful,186107,286107,0.2222222222222222,0,0,2,1,0.7682204246520996,1.0309219360351562,f5a7ecc7abb525dcae9b9059e0b88cd90a13ca78eb6a0b39eb68af71258ebab0,True
r2,peaceful,186108,286108,0.7777777777777778,0,0,7,5,0.8511304855346677,1.191854476928711,98abb4ff5b112ab55ebaa5826c59a459f2a016a103c81dd4a0cb896acfb9ccc5,False
r2,peaceful,186109,286109,0.0,0,0,0,0,0.657379627227783,0.9977817535400391,04e626b80cf1e269215daa7abf815e16569ad65330b570f1cc48c6cd5cf1b28a,True
r2,peaceful,186110,286110,0.2222222222222222,0,0,2,0,0.5516767501831048,0.7417201995849609,7ddd912f32024355eb0c8b3ad826bdb576d9994b335415d74b7ed408629108a9,True
r2,peaceful,186111,286111,0.2222222222222222,0,0,2,2,0.5729198455810547,0.9539127349853516,a67147174893682f5be68cbd849a206a03ae29b91a4223ac28040acccbbb02f7,True
r2,peaceful,186112,286112,0.0,0,0,0,0,0.37133693695068326,0.7569789886474609,3d99f34d0984ad3035337847e268b02a6424b870c10f45ec0b5779215df61b45,True
r2,peaceful,186113,286113,0.3333333333333333,0,0,3,2,0.6995201110839842,1.2438297271728516,bebeb3019c927aecd3fedd69993a4df698615b6ee968f6c49122e13fb7e56013,True
r2,peaceful,186114,286114,0.4444444444444444,0,0,4,6,0.6451249122619627,1.068115234375,0b935a008b37427a2179139da5f09bd59ff36ee0108852985b547945754864d8,False
r2,peaceful,186115,286115,0.0,0,0,0,1,0.6914854049682613,0.9000301361083984,6cfda64488a63b53fd0ed00df8ea17144657777a22f1bfacd3627d767f70ee49,True
r2,peaceful,186116,286116,0.0,0,0,0,0,0.6389617919921875,0.7929801940917969,2977e2a242db140d0502ecd3667e217c285d12ae67412acdcf5c1483b6fedd79,True
r2,peaceful,186117,286117,0.3333333333333333,0,0,3,1,0.7457852363586417,1.3928413391113281,adc70b9b64603655058bce74a19cc7784c238576c5f4261a43e59252ce1d79df,True
r2,peaceful,186118,286118,0.1111111111111111,0,0,1,2,0.5247712135314941,0.9791851043701172,f8c4612c845d1a298b1f886887065d6798b50e2c193170672c6f2915ac92f3d3,True
r2,peaceful,186119,286119,0.0,0,0,0,0,0.7908940315246566,1.8410682678222656,84596a342db78ef2b5faa5cb11173e3a9985d75e18fcbfbca1ec935c14c2006a,True
r2,peaceful,186120,286120,0.0,0,0,0,0,0.9393215179443336,3.9310455322265625,a07880add1ed983e4a801ad6d26b775b95bda690ab0dc6ae3cfed6f712be20ed,True
r2,coincollector,186201,286201,0.0,0,1,0,0,1.0385274887084959,1.1451244354248047,9209eb0a885486a9a54b43086a3dde6e78d5de3b7165b3467951df9e2fffa5af,False
r2,coincollector,186202,286202,0.1111111111111111,0,1,1,5,1.9431114196777344,3.147125244140625,c894c294e02bcae5cf180f4223669c4906909a48cff41f5704904dbfa116b83b,False
r2,coincollector,186203,286203,0.4444444444444444,0,0,4,3,1.9430279731750486,3.6351680755615234,aa31ac2fb34b51453a7a21f290794f17e638e66c7373a73c2a3ae2ad8d202729,False
r2,coincollector,186204,286204,0.1111111111111111,0,0,1,5,1.490557193756103,3.1197071075439453,9330b37caecddcd3a78861dbe5f79c5593211ae4a33537eb5e250d6947a2a35a,False
r2,coincollector,186205,286205,0.4444444444444444,0,0,4,10,1.556825637817382,4.51207160949707,3fbcdccbc67b9fde5d71a06bed140378057280efcebcc91904ddc3afdac1a4dc,False
r2,coincollector,186206,286206,0.4444444444444444,0,0,4,14,2.0760059356689435,12.544870376586914,c4736b0d90f39e9aa25e992b0aaef349a9f4f39e7d2ecdc4fa10c68bc3e0a086,False
r2,coincollector,186207,286207,0.1111111111111111,0,0,1,12,1.6417622566223136,2.223968505859375,a2774e7c14d99c794573f7c331f288423ed09e1921899e102480d6469f5a16bf,False
r2,coincollector,186208,286208,0.0,0,1,0,3,1.87380313873291,3.264904022216797,838b2d2b1bac127220e48cc2d8d2572484dec9f3ce4f1e4fb342bfb8bbe30224,False
r2,coincollector,186209,286209,0.0,0,0,0,0,1.7245531082153316,7.736921310424805,dfd843dda7d96400c5337cec6445a68ffdc615df0ae6e0b6a5d9a69ee9ec5512,False
r2,coincollector,186210,286210,0.4444444444444444,0,0,4,13,3.153622150421141,5.403995513916016,b7a0a67bbdd59fb6628d051f74fcd32ab77403561f8269ec86db144033f6322e,False
r2,coincollector,186211,286211,0.3333333333333333,0,0,3,4,3.5593509674072257,7.34710693359375,f6cca947a0ad1dbf6091141fad8fcbfff5b2b25ced3200cd2dd916759e9c1bc7,False
r2,coincollector,186212,286212,0.2222222222222222,0,1,2,1,2.115964889526367,4.076957702636719,b8539249baebeff51f27306603c5a8410f2308b38513988ed8631ba864ed39a1,False
r2,coincollector,186213,286213,0.3333333333333333,0,1,3,5,1.2111425399780276,1.9142627716064453,772b9a29f26fa1fab24e99d82a1d05a3a718d24ad3b128bdc65b804955a978f8,False
r2,coincollector,186214,286214,0.0,0,1,0,1,1.2962818145751953,1.611948013305664,6439a22c2a39ed95524ea6eed714777807df508a2cc637596e79e44d617bc35d,False
r2,coincollector,186215,286215,0.2222222222222222,0,0,2,9,2.1997094154357906,3.969907760620117,46af1a3f437e5a0a9aa32e92483a2bb90cef24c76b98fc3493dabfd32ada5809,False
r2,coincollector,186216,286216,0.2222222222222222,0,1,2,2,2.212405204772949,4.783153533935547,22d00ba29ae969b9963fd368ba1edde5e0f9fc46ba748c342cab42a43f6fd648,False
r2,coincollector,186217,286217,0.2222222222222222,0,0,2,8,2.989542484283447,4.839181900024414,cca108027f3d3dba592bd2ac094f8fc7dd774548c60b44bc67d2db8f10de88f8,False
r2,coincollector,186218,286218,0.1111111111111111,0,1,1,0,1.8041133880615234,2.1860599517822266,42e3db88c5b557dafa2713cbafa685c737445505a3d4968b0b7e3ccb5ca689d3,False
r2,coincollector,186219,286219,0.1111111111111111,0,0,1,4,1.9964694976806656,3.075122833251953,a775698cd324ac7931b08143b1707d4e7400f15532d1669480f1806a49d6adbc,False
r2,coincollector,186220,286220,0.2222222222222222,0,0,2,10,2.4039149284362775,3.33404541015625,f1919271abd6fe6ccc19658ada933eb3959576e652ef846ab2a98c74fdb6b34c,False
r2,classic,186301,286301,0.0,0,0,0,0,0.34805536270141585,0.7088184356689453,01fe73553d4236623263b0b0604f0b75c588e1bdbcc9290fd36d20232370309c,True
r2,classic,186302,286302,0.5555555555555556,0,0,5,26,0.3871083259582518,0.5211830139160156,8c4683ca5098692a950e9b784c6c2336ff8640d7b274e45b45bd49e9f179fd6b,True
r2,classic,186303,286303,0.0,0,0,0,0,0.2549767494201659,0.5021095275878906,676d56fcf2a9023e18afec1eb063d775f5824c7797bc19a2f23377601cfa4afe,True
r2,classic,186304,286304,0.0,0,0,0,0,0.2681255340576171,0.49304962158203125,9e5f471381c7dd2dcc3347794bd35f1d0a53fc6c8d57be90d80278b2fb55f307,True
r2,classic,186305,286305,0.1111111111111111,0,0,1,0,0.2531409263610836,0.5359649658203125,98b703d754421ec02997d709c3bfbe0ad60401b8bb2a41f902005aac1b614961,True
r2,classic,186306,286306,0.0,0,0,0,0,0.2558708190917968,0.5421638488769531,95027d3d21130d047dcca7125a61ee38ddbe5990416788047de9555139c19d54,True
r2,classic,186307,286307,0.0,0,0,0,0,0.2762317657470702,0.5040168762207031,cfaf830ee1724d961c0c99875ee919cf021c70da48d25665a6c53572038011fd,True
r2,classic,186308,286308,0.3333333333333333,0,0,3,3,0.3273129463195799,0.6439685821533203,e73bf9c76bebe2acc018eb08b675bb42bbf314bf3f6ac387acd6ae76ede266e9,True
r2,classic,186309,286309,0.3333333333333333,0,0,3,2,0.3157377243041987,0.5407333374023438,95575f037fc538c5b39c1b4dc5e975a00559d28b00dd258911970e1660377000,True
r2,classic,186310,286310,0.1111111111111111,0,0,1,0,0.36315917968749994,0.5419254302978516,95027d3d21130d047dcca7125a61ee38ddbe5990416788047de9555139c19d54,True
r2,classic,186311,286311,0.0,0,0,0,2,0.5052208900451658,0.8139610290527344,8310e709c8a74d84553a25939e5858adf7069a14928bb5705f672b2f989b9a31,True
r2,classic,186312,286312,0.3333333333333333,0,0,3,1,0.24086236953735346,0.4940032958984375,d5580da0bfaa3e6a4584f09b1a45d1200f5d85e804576a3fec8dd5673cfae8bf,True
r2,classic,186313,286313,0.3333333333333333,0,0,3,0,0.3642201423645018,0.5240440368652344,f047cb37fef533729070612318efd616ddac0d7bd224e6ac10e26fa313c7c3f8,True
r2,classic,186314,286314,0.3333333333333333,0,0,3,4,0.2842307090759277,0.7319450378417969,9f5fe059752a5f95555ec56ae75721c136cadbc0b1c1d00fcd2adcfcad236fcb,True
r2,classic,186315,286315,0.0,0,0,0,0,0.2770900726318359,0.5860328674316406,95027d3d21130d047dcca7125a61ee38ddbe5990416788047de9555139c19d54,True
r2,classic,186316,286316,0.2222222222222222,0,0,2,0,0.2579689025878906,0.5619525909423828,f3b14e1dad3fc165a5689d3035fcb9d56cd4290dcfb8981310a1da8a539347d2,True
r2,classic,186317,286317,0.3333333333333333,0,0,3,1,0.40916204452514643,0.6299018859863281,c35aac85b4c1148521ee952864d3c6b8d959ca80c29d57087722f0d80be813c4,True
r2,classic,186318,286318,0.0,0,0,0,0,0.2503752708435058,0.8399486541748047,b836f7c47ad32b74437bcaecdc3d84bb5ee0dd391fe3b892c4237d428c88d513,True
r2,classic,186319,286319,0.0,0,0,0,0,0.2129197120666504,0.5869865417480469,dca5af7a8ac2249fa39f9254dab96752800d66923583b8f277e0cb1bfa38d6d1,True
r2,classic,186320,286320,0.3333333333333333,0,0,3,1,0.37146806716918923,0.6349086761474609,07a7d9bbde26ab9776b759c90cee34338d68b6e7cdc0a8a498898d4c8f90bb3b,True
r2,coin-heaven,186401,286401,1.0,0,0,50,0,0.8976459503173827,1.3070106506347656,36eefbba6b8765e8d6ea3b2b3f2eddd67f04ac4d5913ff1497690d3185a7ef44,True
r2,coin-heaven,186402,286402,1.0,0,0,50,0,0.6571888923645018,0.7538795471191406,448b852286ded453935eebd4118e95888c2a22385432c94765aaa1d0696486c1,True
r2,coin-heaven,186403,286403,1.0,0,0,50,0,0.982141494750975,1.6922950744628906,c3d3ccb0f9b75f45d65d4d9f812085f89bdfcdd6eb7bbe77f4d69045014f9407,True
r2,coin-heaven,186404,286404,1.0,0,0,50,0,0.8023738861083984,1.6210079193115234,4a135740b376e06af3858b4900412f6724aaa134081d133330ab071b4d9e2659,True
r2,coin-heaven,186405,286405,1.0,0,0,50,0,0.47898292541503906,1.4410018920898438,5ff0cae918eacb920420ed839d9660348022e79de19d03fa075a1cb62f156ba8,True
r2,coin-heaven,186406,286406,1.0,0,0,50,0,0.47010183334350586,0.6411075592041016,c62ca0db1c14d4db7ca034c9193f32f8a3fb59a0d8a53b67fe4e88ee4be44e39,True
r2,coin-heaven,186407,286407,1.0,0,0,50,0,0.42771100997924794,0.5578994750976562,b29cf7bf3c439ad6310341b9e51190f912c9d418bd436ee7695d002711bed838,True
r2,coin-heaven,186408,286408,1.0,0,0,50,0,0.729012489318847,2.0983219146728516,ee1e1ee822683af4e23c5de6c48c141a6e6e6949045ed56f6ad95979fd329b38,True
r2,coin-heaven,186409,286409,1.0,0,0,50,0,0.9691834449768062,1.9299983978271484,ca14f5cec9fe0f9341d25700033e56a568f72c1579fae94d7cac3a70e6a4a27e,True
r2,coin-heaven,186410,286410,1.0,0,0,50,0,1.1134028434753418,2.680063247680664,85824d31540ee8f61a22bc70a35f209acaa0bd31d416164fc2022d24747abdde,True
r2,coin-heaven,186411,286411,1.0,0,0,50,0,0.6579875946044917,1.4791488647460938,342128bc0bf8f481daf7c81d164aec4c074d7db06f7c0815e02eaaac33b4646e,True
r2,coin-heaven,186412,286412,1.0,0,0,50,0,0.7569789886474609,1.4200210571289062,adb037104a0dd2c3b30581cfc6e846256d65e813d26dcb68d7e42239faaa12af,True
r2,coin-heaven,186413,286413,1.0,0,0,50,0,0.6040215492248535,0.9047985076904297,e75cd63050428f072fff81906bce143e3d1c93979a2c8d9209faf54eb888432a,True
r2,coin-heaven,186414,286414,1.0,0,0,50,0,1.265144348144531,9.718894958496094,d0e6495662ce62484c820375156f6bff8e856f9d08c6389c2f319e093283bd7a,True
r2,coin-heaven,186415,286415,1.0,0,0,50,0,1.0867714881896968,2.045869827270508,ac9642a5a6d952241d115d4f3fee0d88fd88736f29a8a2d68a387011dc1ed9ca,True
r2,coin-heaven,186416,286416,1.0,0,0,50,0,1.7629146575927734,2.9697418212890625,de23115be31bfef2fb3aa3cb90b39843c37bc7b6b8869d5d6f33c88814d32acf,True
r2,coin-heaven,186417,286417,1.0,0,0,50,0,0.850534439086914,1.1336803436279297,75ba7349e399c71b0ebdb9a9bd61c3a755f0d2393c7145ead3bb94d5995941a3,True
r2,coin-heaven,186418,286418,1.0,0,0,50,1,1.0625362396240234,1.661062240600586,5d98248dd43be973212f597c4c8b8d4ee935872a9bfa9c1716873a4ef4f2434c,True
r2,coin-heaven,186419,286419,1.0,0,0,50,0,0.9058713912963867,1.0449886322021484,b8ba8ac2a34a7b570364652b5c306426af06dcbf05e06f7695505c2ac08f9ce1,True
r2,coin-heaven,186420,286420,1.0,0,0,50,0,1.033008098602295,3.039836883544922,29bbae42d88f6990597260dc33d838184f85e031d326e2bf16ab322340ced6d2,True
r2,loot-crate,186501,286501,0.32,0,0,16,8,1.5749216079711896,3.0510425567626953,d5b4dc8dddfec324c06764154805ed53f0058b08ae87a98b077ee046e5686c37,True
r2,loot-crate,186502,286502,0.22,0,0,11,32,1.5302658081054683,3.5419464111328125,cc262fe809ea24c2b66c350f3b84af1115218ea9086a8c72ff7da6c5af9251b5,True
r2,loot-crate,186503,286503,0.74,0,0,37,13,2.0873427391052237,4.604816436767578,c8aeb3b4ba0b4db70239c09c11aff6dc3dc19b167683c4694be9c6c9e560e992,True
r2,loot-crate,186504,286504,0.12,0,0,6,1,2.127683162689208,10.024785995483398,e234fdd1175096e33d79c6d8e0f5008bae6078936cb3631c67e3a3cccf30e13c,True
r2,loot-crate,186505,286505,0.02,0,0,1,0,0.9552955627441404,3.202199935913086,64e653882190678f2f43f914820616b6f6ebaf8353bcff6c3061d74a363c56ee,True
r2,loot-crate,186506,286506,0.12,0,0,6,1,2.0184278488159175,4.337787628173828,41e419020922445efc4f858031e925b748656c0f5bd9141e2f1c8cbb5f5b6f49,True
r2,loot-crate,186507,286507,0.2,0,0,10,4,3.420603275299057,159.8191261291504,adea507f3ca608c6fe91e620bd04a2334640f4df59227332e714f0b85a407392,True
r2,loot-crate,186508,286508,0.34,0,0,17,4,2.461278438568112,8.931636810302734,1fb732b29768c78096144074baff5c7ea6256d2182ef6fcb6a484038f8426668,True
r2,loot-crate,186509,286509,0.4,0,1,20,8,2.105569839477539,3.7250518798828125,0bd9352072006cb69341ef405d51dca863baf6201f9029eb1cee08326584c941,True
r2,loot-crate,186510,286510,0.48,0,0,24,24,3.091299533843992,15.316963195800781,d6479eeb3b3bbb8554aa36f554eb755a91acfebeec7f75ed5559821018c7a8e0,True
r2,loot-crate,186511,286511,0.22,0,0,11,2,2.632009983062744,6.106853485107422,4403608125433da0ac0c4c8604f333581274a16a4b525eb5ec8f9d800b2af43f,True
r2,loot-crate,186512,286512,0.1,0,0,5,2,2.0264029502868612,6.584644317626953,c965080e95a82a15e33f26d57331badefbc2132e86b78cc5ccfe13813f5d9643,True
r2,loot-crate,186513,286513,0.12,0,0,6,1,2.096974849700924,4.333019256591797,52eb1634db44510103ab00cceb11e92556e6842578387d567c2681c9f2ba4607,True
r2,loot-crate,186514,286514,0.48,0,0,24,19,3.361856937408445,13.949155807495117,6eb76f509d672b2072ee8ae88327f636b414daff309a641166113faa086fd0ea,True
r2,loot-crate,186515,286515,0.46,0,0,23,1,1.591420173645019,2.847909927368164,6607d288d8e59bf808b4d5058d110e0cf48c4d1052d3be4f09c30031b859022e,True
r2,loot-crate,186516,286516,0.66,0,0,33,17,1.6631722450256345,5.787134170532227,691443af77c34f534fdc9243bb8a4af09fe80ad0db1f234af965d950d563715d,True
r2,loot-crate,186517,286517,0.32,0,0,16,5,1.6722798347473142,8.43501091003418,c3e01ce0f3484695f424523e6ff9d22863fed931213cac44b534b023d8fb8b89,True
r2,loot-crate,186518,286518,0.38,0,0,19,10,1.2264370918273924,1.935720443725586,7c3e6f1de742edbe96c5bc39634755e2d153decdd60154b82f0ca7b75a35c56b,True
r2,loot-crate,186519,286519,0.14,0,0,7,0,1.900339126586912,4.567146301269531,71b8acba57bcb977fac325d7b25763c2289c9ae85b250f86d0b8a2754f5d8ac1,True
r2,loot-crate,186520,286520,0.42,0,0,21,8,2.169907093048094,4.316091537475586,0e53ce9ae6f5a9c06fe51bf4d954b87c12a12a6d155c621e7d31ca4165e23a18,True
r3,peaceful,186101,286101,0.6666666666666666,1,0,11,6,0.8211255073547361,1.2209415435791016,635b6bf5a3997d2876ea2a4b1dc72fe01a2ac05b0d5e2a9c76411ba65b0c3a13,False
r3,peaceful,186102,286102,0.0,0,0,0,1,0.6562232971191405,0.8921623229980469,2f7a060fb37e438c9830b91b15f174204941832bcc93903987065e04dd31e8fa,True
r3,peaceful,186103,286103,0.5555555555555556,0,0,5,12,1.1086344718933099,2.321004867553711,d52f4720b22ced7bbc9bad80deffe1873f2bfed36f81ba02f9b82b5b8060c9ef,True
r3,peaceful,186104,286104,0.3333333333333333,0,0,3,0,0.7923483848571776,1.9888877868652344,264fd96c60f0b9317793dd72d47db4dc3e2688d1134a7c4513b1c2776dbeb0f5,True
r3,peaceful,186105,286105,0.0,0,1,0,2,0.6836652755737305,0.9670257568359375,833b7034ba48cab85e024d2d992851101892fd661bb2162019311c19a842af57,True
r3,peaceful,186106,286106,0.1111111111111111,0,0,1,0,0.45013427734375,0.8549690246582031,e6fd25906ebc0701845498c49f922ce4b22cf0bd6a4888af36a67f29090e5422,True
r3,peaceful,186107,286107,0.0,0,1,0,2,0.4242062568664551,0.6489753723144531,d931e334c736832f37ae3a28132b628f832b84ed6c86eeb4cf211ff164254ca4,True
r3,peaceful,186108,286108,0.4444444444444444,0,0,4,25,1.0315179824829097,1.4278888702392578,fe4b4501fdf229a03afb0794de3ce10267e35cf1c16fbfbfd0e4a2fe763acce4,True
r3,peaceful,186109,286109,0.0,0,0,0,0,0.4163980484008786,0.6380081176757812,23d75d39012b9be20266c5489f870b932a7b61c5b91806973d2f7f517e58e5a2,True
r3,peaceful,186110,286110,0.1111111111111111,0,0,1,2,0.33001899719238276,0.5960464477539062,eec6a3316edf8708bfc8be3022838db981c7582343021cbefab0acc70ac78e34,True
r3,peaceful,186111,286111,0.0,0,0,0,2,0.39920806884765614,0.5218982696533203,fd2721787a112879f135572d4310e8b116469fc0202b55dbe561a2484309c9a1,True
r3,peaceful,186112,286112,0.2222222222222222,0,0,2,1,0.4719257354736327,0.7050037384033203,cee00e4c960be4ed4801fa65c1ca80cf51d82b1f6c5d2e727a51c34926b6d9d2,True
r3,peaceful,186113,286113,0.2222222222222222,0,0,2,67,0.3961086273193358,0.6449222564697266,8a5b03204fc71850a8cf854fc72a76f4279d153f2d1658acb7fede9824e501ed,True
r3,peaceful,186114,286114,0.1111111111111111,0,0,1,5,0.5552768707275388,0.6661415100097656,928db5711a371df0ab1c938c12d402992ab38e4612530b2bad915fd3fd0dca22,True
r3,peaceful,186115,286115,0.5555555555555556,0,0,5,12,0.7761955261230468,1.074075698852539,596a8e947c84d1b83d34340e09707b08ad1da8994041769a0a0fe3f85ee1acfc,True
r3,peaceful,186116,286116,0.7777777777777778,1,0,12,9,0.5041003227233886,0.6542205810546875,0e6a360d5f3a45fb40f4a99eeef54bfe30f8e1d5ee7d471ea8d977270908e64f,False
r3,peaceful,186117,286117,0.4444444444444444,0,0,4,5,0.49225091934204085,0.659942626953125,845fbb84b712b42c4207a9a74e63e20d1f0e5998f06599fbff105c6793218d60,True
r3,peaceful,186118,286118,0.1111111111111111,0,1,1,4,0.35119056701660156,0.5502700805664062,42b804eb38bf041ab6314540c4e973c5affe54e6a6086e7168713337f698db7a,True
r3,peaceful,186119,286119,0.8888888888888888,0,0,8,7,1.0405063629150375,1.641988754272461,722449fac46e008d665e07b64af5a2188a71bdc491f5a5eaec962563cc15f8c2,True
r3,peaceful,186120,286120,0.0,0,0,0,0,0.28511285781860335,0.9570121765136719,3a4b11fba2776451d328f1cd7a292c3378dfeaee90e515ea2caf805fe6fc73b5,True
r3,coincollector,186201,286201,0.1111111111111111,0,0,1,15,1.890277862548827,5.866289138793945,a086e67c436d0685d9be8bc2cc8974c7d88d4c810c63f29e381c9afac36b7ce4,False
r3,coincollector,186202,286202,0.0,0,0,0,17,2.6495218276977535,6.829261779785156,a832e23d8f853eb3bf0bda865380df90aa3da8b84862f4181b18a46daafe1228,False
r3,coincollector,186203,286203,0.1111111111111111,0,0,1,43,1.4105677604675289,2.2950172424316406,199e9f261669ffa600d704c3931f10b606acd99cfeb77721547859969ec9d64e,False
r3,coincollector,186204,286204,0.1111111111111111,0,0,1,3,2.2929906845092765,4.010915756225586,0a00afcb9188a5bff39fb149c8bfd6652740cc172dc5a3fc12070634d48a027d,False
r3,coincollector,186205,286205,0.4444444444444444,1,0,9,13,1.2772560119628904,2.7399063110351562,736e37b6e7cb0d02e8a6feb9e13ebbc386ca51ff765ee9daa2f5137e8607403e,False
r3,coincollector,186206,286206,0.5555555555555556,0,0,5,11,2.39516496658325,11.695146560668945,e6248a8a20aad448495e3549ef2392c6f22f6ac2f7d6f8edac7c35038cc7b1be,False
r3,coincollector,186207,286207,0.3333333333333333,0,0,3,11,3.405296802520752,41.40806198120117,6d32972ee3c153f3c74c8a6e962c04aa9397c062f6df90f58efd57bd8bafed3a,False
r3,coincollector,186208,286208,0.2222222222222222,0,0,2,11,3.5468459129333487,34.61194038391113,f0b8549c49d27f9cb7a0ed8cb9ee697b3ee732b29e92d2d190b8e4a84a311c9b,False
r3,coincollector,186209,286209,0.1111111111111111,0,0,1,3,1.8547773361206055,2.527952194213867,ff94a720bdc24e0f9efd9d2358b19ed62ea6fab492c26fa6de2b16a606de78a2,True
r3,coincollector,186210,286210,0.4444444444444444,0,0,4,9,2.8714060783386226,3.7000179290771484,2118f82a05ada9394839e6d900b25512601e48da032882bca34cacc461e40620,False
r3,coincollector,186211,286211,0.3333333333333333,0,0,3,8,2.041232585906982,3.801107406616211,62c396685813bf1602fb2b010860ad007cb5866ba417692fdc167c2e01bd4809,False
r3,coincollector,186212,286212,0.1111111111111111,0,0,1,19,2.7181267738342285,4.869222640991211,ca5631ae946f203958f3f2449a87a4fcacde8af17339e13e1424be731b2aa81c,False
r3,coincollector,186213,286213,0.1111111111111111,0,1,1,6,0.8750915527343749,1.1670589447021484,4d2a8abd58bac513e74ff334d25def116521bc5540e4f345a6a95955a82c3557,False
r3,coincollector,186214,286214,0.1111111111111111,0,1,1,4,1.9379854202270508,4.1179656982421875,35c7d672676046114755a2c6e1d6c8749543f76a08d0b29d90f039ad67f6cd1b,False
r3,coincollector,186215,286215,0.0,0,1,0,16,3.8462638854980447,12.38703727722168,41290e0ebe21330d9298ea7791e7a268ffa12a11e5425056e44ae3d51f03013f,False
r3,coincollector,186216,286216,0.3333333333333333,0,0,3,11,4.028284549713135,11.01994514465332,b8aaf417ad4209338e0d5d749450abf4f33c716b74741e772ac3b1a5cc676c13,False
r3,coincollector,186217,286217,0.2222222222222222,0,0,2,10,4.192030429840087,7.276773452758789,becc7fc76935227588cbd205401b1a327dc2b0a7c5b990309d72affde8935d61,False
r3,coincollector,186218,286218,0.2222222222222222,0,0,2,8,3.5620808601379395,35.80808639526367,e179ce8c71823e22e7913d0e9fa2d12d145a4cb8ecaf1675b7539f69773269b3,False
r3,coincollector,186219,286219,0.3333333333333333,0,0,3,11,3.512668609619139,10.518789291381836,6e69047b3aba090679d1936cb96f69ceb7f0f7cb06a6d6a3e74535f7e715f2b9,False
r3,coincollector,186220,286220,0.3333333333333333,0,0,3,12,4.448688030242915,49.14498329162598,b3a6b17bb71252286b0affbbd78ae02148a22157911bfe468f99b3ef735a5bff,False
r3,classic,186301,286301,0.0,0,0,0,0,0.2418279647827148,0.5419254302978516,0b3eeb904017e467514de8d75766fb75fa50d515dce37cb5021386ae03a15dd1,True
r3,classic,186302,286302,0.0,0,0,0,2,0.35940408706665006,0.8409023284912109,6e509665111da50f4d253ce046cf941e8d181bbb4353ed2b5a0e55cb57c031f5,True
r3,classic,186303,286303,0.2222222222222222,0,0,2,5,0.31427145004272455,0.5667209625244141,2765e9280cbaa87b08c6d4c083e13fcf51487378c6602a9669fa53df46320825,True
r3,classic,186304,286304,0.1111111111111111,0,0,1,0,0.3378152847290033,0.5962848663330078,9be61893f2698249f7906ee458ae189bf5c8b815d82b8f61d58bcaa81e0f0d82,True
r3,classic,186305,286305,0.1111111111111111,0,0,1,2,0.34195184707641596,0.6978511810302734,e4c92170a1fd2c61a9e0e04fbb36d98af520e7b7cf96e372a8d8769a82a2b599,True
r3,classic,186306,286306,0.0,0,0,0,5,0.34919977188110335,0.5512237548828125,7be0613ade3814f771c4c3ef1de8eab5538461fc0b0e521d82d0cf26fa9573a9,True
r3,classic,186307,286307,0.0,0,0,0,0,0.2401351928710937,0.6399154663085938,898aa2ec744b19b5879a3c89c82f56c7aedf0b3eb430d480148e58d9f9ec4b1d,True
r3,classic,186308,286308,0.1111111111111111,0,0,1,0,0.28283596038818354,0.530242919921875,32aed858e05bf3e1b9f442cf69f6f9674fd3a675525ac55907f3c9a5a864be50,True
r3,classic,186309,286309,0.3333333333333333,0,0,3,1,0.34627914428710926,0.9350776672363281,0e1662291a5061b8e49d054f99554e6c0ef3bb436dc01bdac19de3e1c1130521,True
r3,classic,186310,286310,0.5555555555555556,0,0,5,4,0.39331912994384727,0.8897781372070312,15cbb456501867b4f32fa764434dd4fea6346a3bddadf4845c0db2fe64eee5c0,True
r3,classic,186311,286311,0.1111111111111111,0,0,1,3,0.23829936981201139,0.5309581756591797,0b5c4d04bd5893fcc7c4ae40de5872da4ddb88b820fca1922b7574452e07f2d2,True
r3,classic,186312,286312,0.0,0,0,0,0,0.22821426391601557,0.5240440368652344,92e9b18ec15fef59b303c8a44ca38740fc2b5063f4d90344cc2c72309bec0228,True
r3,classic,186313,286313,0.2222222222222222,0,0,2,0,0.31404495239257807,0.7588863372802734,b24434862efd8a56d94a5c4b76c242c5144ff633f083c2c312c065e250c268c9,True
r3,classic,186314,286314,0.2222222222222222,0,0,2,9,0.3021836280822753,0.6473064422607422,e2a02f124ef74954808a7fe8feb3bc0e1e116a87cd99cd8560a036db8f19b2cd,True
r3,classic,186315,286315,0.2222222222222222,0,0,2,12,0.29288530349731434,0.49996376037597656,725e9f2360f59539e5c80252fddfa7eac2e8453169ce70d1deef683a83e48af7,True
r3,classic,186316,286316,0.4444444444444444,0,0,4,3,0.28405189514160145,0.6861686706542969,b61612173d35612a0aa80b7a17fa11c1aaf1f5a2c55e569d467351c54a4e629c,True
r3,classic,186317,286317,0.1111111111111111,0,0,1,2,0.2680301666259765,0.43392181396484375,ac9f4cd271e6169b69f18e5a0c659bf657d36eed2ecb6dc0d2b06ad6b4b3885b,True
r3,classic,186318,286318,0.0,0,0,0,0,0.25402307510375965,0.5052089691162109,b836f7c47ad32b74437bcaecdc3d84bb5ee0dd391fe3b892c4237d428c88d513,True
r3,classic,186319,286319,0.0,0,1,0,2,0.24361610412597653,0.4878044128417969,f18b3fb4cd0fb25bb8ef6ab487ff0e28de713ee62217db19a893a323a847c70a,True
r3,classic,186320,286320,0.3333333333333333,0,0,3,19,0.3303289413452145,0.5660057067871094,4e5c3b3a5909e8bf580d9ad46cceb30aa14a248e51b7ddd21275d9ab6bf7f608,True
r3,coin-heaven,186401,286401,1.0,0,0,50,0,0.3620624542236328,0.5068778991699219,36eefbba6b8765e8d6ea3b2b3f2eddd67f04ac4d5913ff1497690d3185a7ef44,True
r3,coin-heaven,186402,286402,1.0,0,0,50,0,0.41723251342773426,0.6787776947021484,448b852286ded453935eebd4118e95888c2a22385432c94765aaa1d0696486c1,True
r3,coin-heaven,186403,286403,1.0,0,0,50,0,0.41007995605468744,0.4630088806152344,c3d3ccb0f9b75f45d65d4d9f812085f89bdfcdd6eb7bbe77f4d69045014f9407,True
r3,coin-heaven,186404,286404,1.0,0,0,50,0,0.5606174468994138,1.6219615936279297,4a135740b376e06af3858b4900412f6724aaa134081d133330ab071b4d9e2659,True
r3,coin-heaven,186405,286405,1.0,0,0,50,0,0.3631114959716797,0.4801750183105469,5ff0cae918eacb920420ed839d9660348022e79de19d03fa075a1cb62f156ba8,True
r3,coin-heaven,186406,286406,1.0,0,0,50,0,0.46956539154052734,0.6530284881591797,c62ca0db1c14d4db7ca034c9193f32f8a3fb59a0d8a53b67fe4e88ee4be44e39,True
r3,coin-heaven,186407,286407,1.0,0,0,50,0,0.8239269256591791,3.0040740966796875,b29cf7bf3c439ad6310341b9e51190f912c9d418bd436ee7695d002711bed838,True
r3,coin-heaven,186408,286408,1.0,0,0,50,0,0.44770240783691406,1.2390613555908203,ee1e1ee822683af4e23c5de6c48c141a6e6e6949045ed56f6ad95979fd329b38,True
r3,coin-heaven,186409,286409,1.0,0,0,50,0,0.5517005920410156,1.064300537109375,ca14f5cec9fe0f9341d25700033e56a568f72c1579fae94d7cac3a70e6a4a27e,True
r3,coin-heaven,186410,286410,1.0,0,0,50,0,0.6762266159057614,0.9129047393798828,85824d31540ee8f61a22bc70a35f209acaa0bd31d416164fc2022d24747abdde,True
r3,coin-heaven,186411,286411,1.0,0,0,50,0,0.4449844360351559,0.6399154663085938,342128bc0bf8f481daf7c81d164aec4c074d7db06f7c0815e02eaaac33b4646e,True
r3,coin-heaven,186412,286412,1.0,0,0,50,0,0.5334377288818358,0.7550716400146484,adb037104a0dd2c3b30581cfc6e846256d65e813d26dcb68d7e42239faaa12af,True
r3,coin-heaven,186413,286413,1.0,0,0,50,0,0.6209492683410643,0.8757114410400391,ca723a5dac35cab03a32f10aab74895bb99a6a476ee31de985c9f784bb1b192c,True
r3,coin-heaven,186414,286414,1.0,0,0,50,0,0.5471229553222655,0.7331371307373047,d0e6495662ce62484c820375156f6bff8e856f9d08c6389c2f319e093283bd7a,True
r3,coin-heaven,186415,286415,1.0,0,0,50,0,0.5185246467590331,0.6661415100097656,ac9642a5a6d952241d115d4f3fee0d88fd88736f29a8a2d68a387011dc1ed9ca,True
r3,coin-heaven,186416,286416,1.0,0,0,50,0,1.0954380035400386,1.9080638885498047,de23115be31bfef2fb3aa3cb90b39843c37bc7b6b8869d5d6f33c88814d32acf,True
r3,coin-heaven,186417,286417,1.0,0,0,50,0,0.6282806396484374,1.203775405883789,75ba7349e399c71b0ebdb9a9bd61c3a755f0d2393c7145ead3bb94d5995941a3,True
r3,coin-heaven,186418,286418,1.0,0,0,50,1,0.426197052001953,0.5068778991699219,5d98248dd43be973212f597c4c8b8d4ee935872a9bfa9c1716873a4ef4f2434c,True
r3,coin-heaven,186419,286419,1.0,0,0,50,0,0.6350278854370117,1.0731220245361328,b8ba8ac2a34a7b570364652b5c306426af06dcbf05e06f7695505c2ac08f9ce1,True
r3,coin-heaven,186420,286420,1.0,0,0,50,0,0.7534027099609375,0.9038448333740234,29bbae42d88f6990597260dc33d838184f85e031d326e2bf16ab322340ced6d2,True
r3,loot-crate,186501,286501,0.3,0,0,15,6,0.7792592048645016,1.2350082397460938,12fa44764b817235b4d65c819da181d56642e7d4180cef3494fdfc9e7682a9d0,True
r3,loot-crate,186502,286502,0.04,0,0,2,1,0.5903720855712888,1.1761188507080078,61b0f223c2030c73d8c8b0546171a3f886b15b69ac68ba2bff262e16c522267c,True
r3,loot-crate,186503,286503,0.24,0,0,12,5,1.3261795043945312,2.691030502319336,770a445aa984a78f399573fbbb1add40416430c481c5564cccbbb360975152b6,True
r3,loot-crate,186504,286504,0.02,0,0,1,50,1.2884140014648426,2.6090145111083984,9123d281bb983badf8094b78b00ecbf2b4f3b66e589a504f72d74ecc31a97cca,True
r3,loot-crate,186505,286505,0.34,0,0,17,8,1.8767595291137689,5.493879318237305,abe3dc3a5f8f501d935510a089d84dd6e7a70f5751bcbc74bc5dc9ad53f254f4,True
r3,loot-crate,186506,286506,0.74,0,0,37,9,1.28028392791748,2.8710365295410156,ba8735f105983fced90ca7a19eedffdf93182c93a0ead1847818347466e312fd,True
r3,loot-crate,186507,286507,0.22,0,0,11,30,1.6960382461547843,7.133960723876953,1b81f073f84d3e1e7c3d87722b84d9bbcf395cd1ab773d881fab4963edb427fa,True
r3,loot-crate,186508,286508,0.06,0,0,3,53,1.2290596961975078,2.7341842651367188,028d41267459721a327ae075886d2e09056d70b411d7a6071c4e197b9d8bc5ab,True
r3,loot-crate,186509,286509,0.12,0,0,6,2,0.7807135581970207,3.6318302154541016,a7aeb156f9af14a0c3d0a3a5a1d8c27cf098495dc6c8bfe1199ea09f85d81bd9,True
r3,loot-crate,186510,286510,0.2,0,0,10,6,0.8046030998229975,1.5521049499511719,3d962902dcfb80e84aee2a537029f2ce0753c2a98413eeacf4b6b0ff98c41394,True
r3,loot-crate,186511,286511,0.66,0,0,33,6,1.595938205718993,3.5200119018554688,604cf5925fada0c8e1fb2dcb8a02a88d111af7dd852a17833d83b2ed24ba4edb,True
r3,loot-crate,186512,286512,0.42,0,0,21,28,1.3419866561889646,2.7620792388916016,ee4a8b25a35e983b9915a52d029fe9ef62a60ca241967a115f140c885137de63,True
r3,loot-crate,186513,286513,0.42,0,0,21,7,1.0505914688110347,1.7867088317871094,c4befa9a9b3a4d2751d5e8211dd8e9b8329f25b48c087a4d23aa5e6848aa9d7e,True
r3,loot-crate,186514,286514,0.42,0,0,21,14,4.75105047225952,8.600950241088867,d7afdbd2d8e5fb765ade491ffb127c6351566170b978e9a3f097e8b0c0f748fd,True
r3,loot-crate,186515,286515,0.02,0,1,1,2,2.8089165687561035,5.317926406860352,6678e8b1870504041ba60defaa8ec8c5fb2edc937d0eae812c04228a6e9013df,True
r3,loot-crate,186516,286516,0.6,0,0,30,25,2.8462529182434078,6.616115570068359,c41e1e16369fb925ac877377db5a1fa942d68653d12ead1eaca284189745fa0e,True
r3,loot-crate,186517,286517,0.12,0,0,6,3,1.936542987823484,6.238222122192383,1a2988a04c0e76ad0298ea2637d6903919c09febfe2c0bc1e3a907806239ccdb,True
r3,loot-crate,186518,286518,0.28,0,0,14,33,2.433347702026363,16.377687454223633,dd836c53ed068395ca1439826f02ed37b5c3a0c3f478af78abc2a1be39ba1289,True
r3,loot-crate,186519,286519,0.54,0,0,27,11,1.8493890762329097,8.063793182373047,300072878f8952d9ef121dde1ba2fbdf0159ccc2d4e5f279d04ea2cbefeab490,True
r3,loot-crate,186520,286520,0.16,0,0,8,1,1.8237948417663559,4.45103645324707,dceb6524fd75f65cc3902ab1b5814ceb351ac867f3d6ac4eba4f81d078511066,True
r4,peaceful,186101,286101,0.2222222222222222,0,1,2,0,0.5019664764404296,0.6840229034423828,4ee0a04b11318c48a5f381416f881a1a18375286e86e3fbee812f461dfceaacf,True
r4,peaceful,186102,286102,0.2222222222222222,1,0,7,50,0.5074620246887204,0.7770061492919922,854549354dfe1bec6370272e1a9bd16575b62fc576a6bddc0bb4eb03109da9f3,False
r4,peaceful,186103,286103,0.1111111111111111,0,0,1,3,0.5589604377746581,0.7507801055908203,2216683294a25db49f7c4cb6b42393bb88ac1a06e5894c68ee44a76c273a82e8,True
r4,peaceful,186104,286104,0.3333333333333333,0,0,3,2,0.7171630859375,1.0149478912353516,55b67f09a040e420e6a9e523e1126af3b2dfb63b1ef7995ae3eab0836d90b9b7,True
r4,peaceful,186105,286105,0.0,0,0,0,1,0.4060626029968261,0.6568431854248047,cbe6f0ce020acbc3019208069b7546c939384dfc215aa6449f7aa61737c93869,True
r4,peaceful,186106,286106,0.1111111111111111,0,0,1,1,0.4773974418640136,0.7548332214355469,88030eced37b54c9947fd12668969e1c09761c85f665146647271ca347cf49c3,True
r4,peaceful,186107,286107,0.7777777777777778,1,0,12,3,0.5373001098632811,0.8819103240966797,dbe4615f9e40630d618c745452d8b666a59e0364881b2b52ee8de4db00c98c23,False
r4,peaceful,186108,286108,0.1111111111111111,0,0,1,2,0.3711342811584471,0.6220340728759766,08a9d524522a1ff647689fd4eed3b14093c6e22d4d9053397bc20d24ce7d4ff0,True
r4,peaceful,186109,286109,0.0,0,0,0,24,0.46192407608032215,0.7228851318359375,ab35c83fb5ccff61a912c80660315b014188065cafd0699a123f4e0b25d4b2fd,True
r4,peaceful,186110,286110,0.2222222222222222,0,1,2,3,0.5046844482421871,0.5900859832763672,ec4728b1f75d2a2f1a9840acc5bd24103ae98d86a833e143e415cd750dc15b7f,True
r4,peaceful,186111,286111,0.7777777777777778,0,0,7,7,0.9022235870361319,1.4040470123291016,a347fd07f40d0797dd52ad664eae1870662a4a175a4d011fc860cf6cbecd4315,True
r4,peaceful,186112,286112,0.5555555555555556,1,0,10,6,0.6410837173461912,1.1260509490966797,417d647b05b3d3ef7fcb4bfce5228aa23304ae697bf0e7d09be3d70daccfe516,False
r4,peaceful,186113,286113,0.0,0,0,0,0,0.41203498840332026,0.5960464477539062,f404d8e0d252b6ca5be402f5088531e7cdc0b99978bdadbb83d6e4cd88cf608b,True
r4,peaceful,186114,286114,0.4444444444444444,0,0,4,1,0.6304740905761715,0.9019374847412109,bed28469c24c42f2d3db92386bdf55864fbb43a006763a065e83537ee685b8d3,True
r4,peaceful,186115,286115,0.4444444444444444,0,0,4,6,0.7831454277038571,1.199960708618164,fea0b5ef2a5689c541c939f288086adcd17b767c14ee385575f55b03a6bb2618,False
r4,peaceful,186116,286116,0.0,0,0,0,0,0.48736333847045893,0.7672309875488281,f6b32a6157b985c4c6676d881d2b804a981a12ba4a31b9119531c47100998ca0,True
r4,peaceful,186117,286117,0.0,0,0,0,0,0.4427671432495117,0.6167888641357422,21c553d5f84ef3df7d03daf09ab7c00b98dcae55382b975e256587843c3e3432,True
r4,peaceful,186118,286118,0.1111111111111111,0,0,1,1,0.5739331245422363,0.9362697601318359,7151ebc7a51855359d648883ae16661297c234c89835e50de8895f0cf10fcfaa,True
r4,peaceful,186119,286119,0.0,0,0,0,0,0.36106109619140614,0.6608963012695312,7ba50f2795824f6a4ebc26f02282efd8fcce7ae5dcb993a18cdf660a83beda2d,True
r4,peaceful,186120,286120,0.0,0,0,0,53,0.6923556327819822,0.8618831634521484,99f075754c83c159769de56f763c446e03b14506d91f3787c09e1fcf6db7f56a,True
r4,coincollector,186201,286201,0.2222222222222222,1,0,7,5,1.4363527297973633,2.846956253051758,8c2d7329f02bd563a38f4a397cbd507749db17639d1a13d393fb5e85ac2f8dde,False
r4,coincollector,186202,286202,0.2222222222222222,0,0,2,7,1.3109922409057593,3.8390159606933594,ad02747645a8c9c9c4e5eee7cfa97804ee935c4a10bf5c2ebe671bf6d2740a05,False
r4,coincollector,186203,286203,0.3333333333333333,0,1,3,10,1.1138081550598142,1.5192031860351562,2c7c5469957e101fa02aff66fc13813b910b07639d513c4886cd9dfc26234ef2,False
r4,coincollector,186204,286204,0.2222222222222222,0,0,2,11,2.3665189743041988,20.600080490112305,5fda8303865cdd2763162aedba87842ec38e5fed1b54c866ba7b793a3de566b4,False
r4,coincollector,186205,286205,0.4444444444444444,0,0,4,24,1.9557952880859366,4.580974578857422,aebd03010ae0955a5c21f0539fcb849092a1ca6f76c0165301679700de8a2c9d,False
r4,coincollector,186206,286206,0.2222222222222222,0,0,2,3,0.8807539939880364,1.604318618774414,5523015edaa11a028979c87e95c3796f9232cae4e033f4a95fca48059825c55b,False
r4,coincollector,186207,286207,0.5555555555555556,0,0,5,4,0.6091594696044911,1.2347698211669922,5dc914b0583a10396ac3ab3ce5ea487e8328f39a32ad702b716192df1e0a6a9b,True
r4,coincollector,186208,286208,0.0,0,1,0,4,0.8510947227478027,1.7747879028320312,a9c068d4f7f5f83bbc0c60ab1b5f7d90f678f597739457eefa3bcdb8f899788c,False
r4,coincollector,186209,286209,0.2222222222222222,0,0,2,6,1.7367362976074217,3.755807876586914,53142c97b70d81f6e230c12de2e943bb8c19cb063baeac1822efbbc4301ce5a2,False
r4,coincollector,186210,286210,0.3333333333333333,0,0,3,3,1.4699459075927717,3.2958984375,339ba5a19d1f9e0939886380a8370d657cf0086acff3b7c35fdd17f061224b98,False
r4,coincollector,186211,286211,0.4444444444444444,0,0,4,5,1.741790771484371,2.4199485778808594,2d33ce32e887add3f776099f5da7edaf4965391e5882d09819ee4d4b9b398133,False
r4,coincollector,186212,286212,0.3333333333333333,0,0,3,11,2.76196002960205,8.515119552612305,9455082593207d9f87e5dcc31dc5a48e04a5ad6a7574f7ad7b48901623205d73,False
r4,coincollector,186213,286213,0.3333333333333333,0,1,3,4,1.8138885498046875,3.997325897216797,2e61dc94c5a1e51e4a2e396841c522e377ed57980f0ce79217aff9876840fb73,False
r4,coincollector,186214,286214,0.1111111111111111,0,0,1,9,1.6379594802856434,6.718873977661133,a68d2ac2a2a4457cc1aca709767519a35843e3e29b7785953cca33b8a4beed8b,False
r4,coincollector,186215,286215,0.1111111111111111,0,1,1,2,1.152718067169188,2.003908157348633,5b63aad5244df57a2c0fccad3a540ac4dcb0477247131085759811985ecbb6c4,False
r4,coincollector,186216,286216,0.3333333333333333,0,0,3,6,2.6762843132019043,4.102945327758789,45877ebe4e30457a569444620b8b77f1ecab4408252087d70e196c9657983c3d,False
r4,coincollector,186217,286217,0.2222222222222222,0,0,2,3,1.7729163169860838,3.030061721801758,b2030445130963c225a9ea53ca1d8a3789a2ca45fbe7655c9b7b4f8a9fdd9a8d,False
r4,coincollector,186218,286218,0.3333333333333333,0,0,3,7,1.8118143081665015,2.5119781494140625,fc8e644a9a7f540a6ae7c99a37d94b93d1c3118a21ae6533e29e266048a09c75,False
r4,coincollector,186219,286219,0.5555555555555556,0,0,5,12,1.3580441474914549,2.1178722381591797,9a7d14e940eb5195a0fe316d502a3e4106862d0d2aef18e1e17d634ab6656cb9,False
r4,coincollector,186220,286220,0.0,0,1,0,6,7.023811340332029,16.61992073059082,9d29ba434ebed5eb3b104065469cfb49be3e94cf8170d585985dd7b8981adea7,False
r4,classic,186301,286301,0.0,0,0,0,73,0.42510032653808594,0.6401538848876953,fda73ef9b552434863a1e6ce21b09859d7b0864a5c9942a65f7f1b11fb994323,True
r4,classic,186302,286302,0.1111111111111111,0,0,1,0,0.266122817993164,0.5533695220947266,779c9fa5f1b0e82e0f81b035374c379eff8e07e7028790fa9d9a9fc38b468f57,True
r4,classic,186303,286303,0.0,0,0,0,0,0.2989768981933594,0.6098747253417969,53a53bb72967ece1f5449b17286394635a0c4fba3add29045ed4bdb24f0dc967,True
r4,classic,186304,286304,0.1111111111111111,0,0,1,0,0.31887292861938465,0.5609989166259766,c381bfba5cbe59832564bb45625882ec2855d600f84d6b306e4c7d3d3d2c98a7,True
r4,classic,186305,286305,0.4444444444444444,0,0,4,32,0.3582239151000973,0.6229877471923828,220edad315520a45b33ad3007fc8a967e018c6d88ad7ad8dac6f2816804204e7,True
r4,classic,186306,286306,0.1111111111111111,0,0,1,1,0.2902865409851073,0.6220340728759766,3efccba54bc97b7bdce97343ae0b4b299bda48d66973c8fdfc8c980f318a3fe3,True
r4,classic,186307,286307,0.0,0,0,0,1,0.2760887145996094,0.5769729614257812,7030a97f6a181a044e41fe45d6a084b79baa6edd654d811c6a5cca2741f6c853,True
r4,classic,186308,286308,0.4444444444444444,0,0,4,1,0.28282403945922846,0.5538463592529297,aca413ddecfcb921bedb0176de0264b07ecd17e47e4dd758eea081701812d4ed,True
r4,classic,186309,286309,0.4444444444444444,0,0,4,0,0.5142807960510252,0.6420612335205078,15b2e86f71ceeeb499844d985b1039d9693903c595fef0892dfdf11b68fb1931,True
r4,classic,186310,286310,0.5555555555555556,0,0,5,4,0.31186342239379883,0.5412101745605469,f373aec9f9eb0e3d241c47c36b9d469188d80536fef961f4aaf04f366d0ca0b0,True
r4,classic,186311,286311,0.1111111111111111,0,0,1,1,0.3654956817626951,0.5748271942138672,932686d4e6fc6e1fdf3c170ec2c2af60d20ad6daaab77c248cec61656835e486,True
r4,classic,186312,286312,0.5555555555555556,0,0,5,4,0.4439592361450184,0.6060600280761719,3fe79916c5c0eec6fb184c5e5b39cceba9d40ba91a25110ebb73a343feb03eb3,True
r4,classic,186313,286313,0.5555555555555556,0,0,5,6,0.4219174385070799,0.7007122039794922,05b694d83a27c2759753fe9185cd4062ae3d27af839b4c3cb8bb41e1dc2ef00e,True
r4,classic,186314,286314,0.4444444444444444,0,0,4,3,0.38319826126098605,0.8733272552490234,a13cafc8dea3f1851da44a29c746cd77c18edb64eca8c8460802f77a283eabe6,True
r4,classic,186315,286315,0.0,0,0,0,0,0.26743412017822227,0.5698204040527344,2a773c9e318790c9f74c22794be97877b727b35c2dccba17c0b960d24dd040f6,True
r4,classic,186316,286316,0.2222222222222222,0,0,2,0,0.29124021530151356,0.5359649658203125,5db617b1a6644a6f42d3ce9c9dfc227ba784665589db433e93688fec304e750c,True
r4,classic,186317,286317,0.3333333333333333,0,0,3,47,0.3641128540039062,0.61798095703125,2ed17984b29625a9fc0b9d138b098923d5f1536a31778a5a4f8f07fb4ea15952,True
r4,classic,186318,286318,0.2222222222222222,0,0,2,0,0.2980709075927734,0.6861686706542969,589fd051d0353ce78aff32b0af8a72dbabf260275055d5af1cd4e263dfcba551,True
r4,classic,186319,286319,0.3333333333333333,0,0,3,1,0.3020763397216797,0.48732757568359375,799ef25a76d9f3b5d22f23d702f331eefea0bb3d9e07e5e956d5602a430f8c93,True
r4,classic,186320,286320,0.2222222222222222,0,0,2,5,0.31783580780029297,0.6728172302246094,4cb572d03ee7026f56698f2e9d001fbc136a50d64a9930056181edc896069838,True
r4,coin-heaven,186401,286401,1.0,0,0,50,0,0.4000663757324218,0.5140304565429688,36eefbba6b8765e8d6ea3b2b3f2eddd67f04ac4d5913ff1497690d3185a7ef44,True
r4,coin-heaven,186402,286402,1.0,0,0,50,0,0.3778815269470213,0.7770061492919922,448b852286ded453935eebd4118e95888c2a22385432c94765aaa1d0696486c1,True
r4,coin-heaven,186403,286403,1.0,0,0,50,0,0.4451274871826171,0.5500316619873047,c3d3ccb0f9b75f45d65d4d9f812085f89bdfcdd6eb7bbe77f4d69045014f9407,True
r4,coin-heaven,186404,286404,1.0,0,0,50,0,0.47049522399902344,0.7331371307373047,4a135740b376e06af3858b4900412f6724aaa134081d133330ab071b4d9e2659,True
r4,coin-heaven,186405,286405,1.0,0,0,50,0,0.41234493255615234,0.5047321319580078,5ff0cae918eacb920420ed839d9660348022e79de19d03fa075a1cb62f156ba8,True
r4,coin-heaven,186406,286406,1.0,0,0,50,0,0.4678964614868164,0.8249282836914062,c62ca0db1c14d4db7ca034c9193f32f8a3fb59a0d8a53b67fe4e88ee4be44e39,True
r4,coin-heaven,186407,286407,1.0,0,0,50,0,0.42688846588134755,0.5519390106201172,b29cf7bf3c439ad6310341b9e51190f912c9d418bd436ee7695d002711bed838,True
r4,coin-heaven,186408,286408,1.0,0,0,50,0,0.41825771331787087,1.0161399841308594,ee1e1ee822683af4e23c5de6c48c141a6e6e6949045ed56f6ad95979fd329b38,True
r4,coin-heaven,186409,286409,1.0,0,0,50,0,0.47606229782104487,0.6928443908691406,ca14f5cec9fe0f9341d25700033e56a568f72c1579fae94d7cac3a70e6a4a27e,True
r4,coin-heaven,186410,286410,1.0,0,0,50,0,0.6480693817138669,0.9500980377197266,85824d31540ee8f61a22bc70a35f209acaa0bd31d416164fc2022d24747abdde,True
r4,coin-heaven,186411,286411,1.0,0,0,50,0,0.4239082336425781,0.7011890411376953,342128bc0bf8f481daf7c81d164aec4c074d7db06f7c0815e02eaaac33b4646e,True
r4,coin-heaven,186412,286412,1.0,0,0,50,0,0.507354736328125,0.6451606750488281,adb037104a0dd2c3b30581cfc6e846256d65e813d26dcb68d7e42239faaa12af,True
r4,coin-heaven,186413,286413,1.0,0,0,50,0,0.4265308380126953,0.6010532379150391,2492003fab10a44b2b0ba92150d5ce0967099f33b9a925b03e55e8ca165f36d8,True
r4,coin-heaven,186414,286414,1.0,0,0,50,0,0.48584938049316406,0.9481906890869141,d0e6495662ce62484c820375156f6bff8e856f9d08c6389c2f319e093283bd7a,True
r4,coin-heaven,186415,286415,1.0,0,0,50,0,0.4451751708984375,0.48995018005371094,ac9642a5a6d952241d115d4f3fee0d88fd88736f29a8a2d68a387011dc1ed9ca,True
r4,coin-heaven,186416,286416,1.0,0,0,50,0,0.9244918823242178,1.1310577392578125,de23115be31bfef2fb3aa3cb90b39843c37bc7b6b8869d5d6f33c88814d32acf,True
r4,coin-heaven,186417,286417,1.0,0,0,50,0,0.34332275390625,0.7548332214355469,75ba7349e399c71b0ebdb9a9bd61c3a755f0d2393c7145ead3bb94d5995941a3,True
r4,coin-heaven,186418,286418,1.0,0,0,50,1,0.4145145416259765,0.5712509155273438,5d98248dd43be973212f597c4c8b8d4ee935872a9bfa9c1716873a4ef4f2434c,True
r4,coin-heaven,186419,286419,1.0,0,0,50,0,0.5065202713012695,0.5712509155273438,b8ba8ac2a34a7b570364652b5c306426af06dcbf05e06f7695505c2ac08f9ce1,True
r4,coin-heaven,186420,286420,1.0,0,0,50,0,0.8249878883361816,1.1479854583740234,29bbae42d88f6990597260dc33d838184f85e031d326e2bf16ab322340ced6d2,True
r4,loot-crate,186501,286501,0.04,0,0,2,0,0.8535623550415035,1.8680095672607422,042adddaa86929a29785267e6acd98045d0dbb8822f7c6517d0979d9abd7c673,True
r4,loot-crate,186502,286502,0.04,0,0,2,1,0.6503820419311519,1.8310546875,9e411d5d121298f36120ac50030bf7197e501c30377e90ca99e6d322e5ab313e,True
r4,loot-crate,186503,286503,0.7,0,0,35,11,0.940966606140135,2.705812454223633,a5988e42814c6544abcc23820fec0e8ee1becf36481cc029b655f05279f5e009,True
r4,loot-crate,186504,286504,0.32,0,0,16,7,1.2228131294250473,2.9540061950683594,af81bef8beb00e9288862a7bb42c0428ecb9941c1a89c3e2084d009ee449426f,True
r4,loot-crate,186505,286505,0.16,0,0,8,2,0.6887555122375484,2.1550655364990234,0ae91ebcec3b9a30a0866cd2d5231d2bb5da4ddd7595f647a80765c291970ba1,True
r4,loot-crate,186506,286506,0.28,0,0,14,26,1.1827230453491204,3.810882568359375,e31f9d2447931486c2c329a1972e9b3c203f537d90d92ec5ccf42257bba1b64c,True
r4,loot-crate,186507,286507,0.24,0,0,12,3,1.123201847076415,1.7631053924560547,439242011c0e9829dfa06eb34b25d6c37f2851402f7d67396f04486b7f2cd73f,True
r4,loot-crate,186508,286508,0.48,0,0,24,3,1.1243343353271482,3.1490325927734375,f6f4fda402e893dd0f606bf5e43c0d4016516ed01cb5cd0903d3e48afffa2b3e,True
r4,loot-crate,186509,286509,0.02,0,0,1,0,0.5556464195251459,1.0488033294677734,386dac4212f48ea49eebde1219f635409439fb6b61e126bf666c88065ff6ee84,True
r4,loot-crate,186510,286510,0.52,0,0,26,27,0.650358200073242,1.7099380493164062,00e37af89704538cf4811aee292dd4ea082be5a52b4c751dc8c8f41e19246caf,True
r4,loot-crate,186511,286511,0.34,0,1,17,5,0.7682085037231444,1.1730194091796875,03852e2eb83fe71844f9da5e8b94c946a690e0f0ed06718f8e3eda98f0a57ad8,True
r4,loot-crate,186512,286512,0.26,0,0,13,3,0.9695529937744137,2.0132064819335938,5b903c7a17aac03f7ebf8400916a0aa1f93b1ff75129c557c402f53bf1339791,True
r4,loot-crate,186513,286513,0.54,0,0,27,7,0.6205201148986813,1.116037368774414,0a513ec72629ae2baaf2e5d25381262419992a18b01aa5cd0bdb4a588655ec3a,True
r4,loot-crate,186514,286514,0.14,0,0,7,3,1.2735962867736812,2.062082290649414,8741d2c397854e51314ba0fe6717ad5c4a85fd2a457b2ff627b1848b19fa8c82,True
r4,loot-crate,186515,286515,0.14,0,0,7,1,1.1865496635437005,2.6979446411132812,b7a974908b028e01ae40ee76d3b9eaac17a25dd777e1dec1164a65e125f5cb7d,True
r4,loot-crate,186516,286516,0.6,0,0,30,18,1.5691280364990234,3.7250518798828125,430a5052cca9576910316c9f57e87d6e308f85ce4430c3a06fb60ee039602d6c,True
r4,loot-crate,186517,286517,0.18,0,1,9,5,1.395130157470702,4.171133041381836,939be4467680669caf9a5ac5c215bc34e329257335a91d7cc6491e7787b339e1,True
r4,loot-crate,186518,286518,0.46,0,0,23,17,1.8262386322021473,3.008127212524414,ff01e1f96b7dd2d3ed3d28c9022b2ac8e1e267b3665dc8e8cd0ecb224cffa4af,True
r4,loot-crate,186519,286519,0.3,0,0,15,7,1.2511849403381317,2.1371841430664062,2c5bceb3b60798847a7b8d916c46ae5df2fe654209b835d27c6524d63a008a76,True
r4,loot-crate,186520,286520,0.08,0,1,4,1,1.626205444335936,3.3838748931884766,a09c928ed581c73f4526f1c25f1f35dbe220ec66e2cd7b24377b54f47a020357,True
r5,peaceful,186101,286101,0.1111111111111111,0,0,1,0,0.3249883651733396,0.4780292510986328,742f3d5263d4a6161405dcda3ba69e10f25839a4536c7bce3af6135b7788d7aa,True
r5,peaceful,186102,286102,0.0,0,0,0,6,0.5452632904052732,0.7660388946533203,7dfa80bdb8cad1d4d2ddf7777c18cda125a649af86fef3a7e82d727e39d64dcd,True
r5,peaceful,186103,286103,0.0,0,0,0,0,0.32379627227783203,0.48422813415527344,bbef4094f0eeba59b5cb677b3ece1cb1f06d79ab3f4a6a2f58ad5dc97268da26,True
r5,peaceful,186104,286104,0.0,0,0,0,1,0.3548741340637206,0.6747245788574219,9a1a1cc1d5d5b31264980b6bbdf9f144e2d3ce1f05564af369909422c8d4708d,True
r5,peaceful,186105,286105,0.0,0,0,0,3,0.4201292991638183,0.6148815155029297,f90ce64379ed129c0499267e8cefe000964a9561d63a3aca2e50e87a097d756b,True
r5,peaceful,186106,286106,0.1111111111111111,0,0,1,5,0.5557775497436517,0.8947849273681641,902784a21d1decda0f35ba4bd9e88c3b5ab2ebb2bfed6c40ae3a0de612689fa4,True
r5,peaceful,186107,286107,0.1111111111111111,0,0,1,3,0.3739356994628905,0.5347728729248047,43b118f0a9827fb1a15ded5dc5683fab181e9cb925471138c73744beceaff7a1,True
r5,peaceful,186108,286108,0.1111111111111111,0,0,1,0,0.33220052719116205,0.4978179931640625,742f3d5263d4a6161405dcda3ba69e10f25839a4536c7bce3af6135b7788d7aa,True
r5,peaceful,186109,286109,0.3333333333333333,0,0,3,7,0.5610942840576171,0.8280277252197266,acd8fb8203d8c0ff0b0e4610e5094f32760cf6fde8c4622b03ce59f164728e40,True
r5,peaceful,186110,286110,0.2222222222222222,0,0,2,9,0.5152702331542969,0.7429122924804688,8bcae8ec142dfe59aa339297156e25d699fef77940fde5d1ab6c8b546ecf9e78,True
r5,peaceful,186111,286111,0.0,0,0,0,4,0.3948330879211426,0.6389617919921875,1fde5eeb2f4bcbdd966a56e32de11b943962df76dc32dcb20a03349d2c004d9a,True
r5,peaceful,186112,286112,0.2222222222222222,0,0,2,5,0.35382509231567383,0.5719661712646484,b32dc4e7a5e49155fa1ab8dde98a177c62d980e3b503485460fe0951a9625100,True
r5,peaceful,186113,286113,0.6666666666666666,0,0,6,5,0.6271839141845702,1.0323524475097656,a341051da539943b506b7785e936e26d3444a91935b52797c2607189269ad422,True
r5,peaceful,186114,286114,0.4444444444444444,0,0,4,2,0.47800540924072243,0.5979537963867188,3a7b18ba366418a856b8cc847ee2faec73e923ce2f01ccb02b3349c627958321,True
r5,peaceful,186115,286115,0.5555555555555556,0,0,5,6,0.6195068359374997,1.4629364013671875,d7a4334830275eb78257de1f86f19dea49265de5be6b14f62b1fd7b52362a9f2,True
r5,peaceful,186116,286116,1.0,1,0,14,0,0.5203485488891598,1.168966293334961,5d9777c4f66d5168a7e48ab3d0c6f1eda50f08ee3f5d3ed663818d156a88efd6,False
r5,peaceful,186117,286117,0.2222222222222222,0,0,2,2,0.4010677337646484,0.5979537963867188,19e1618d4e13f46501832a50706e6ef86f27cf9f99ac916a864c022b49e18071,True
r5,peaceful,186118,286118,0.2222222222222222,0,0,2,18,0.40770769119262695,0.5300045013427734,b6014d67eb49c25e6f0395ba5a0303043e69d32b6d4f1f8b2c4aee0446a9753a,True
r5,peaceful,186119,286119,0.0,0,0,0,0,0.3217458724975585,0.61798095703125,f24670f4769a2ba8388c33b9890a75fddeca3f2c6c77c55de5acc25d6324c91f,True
r5,peaceful,186120,286120,0.1111111111111111,0,0,1,6,0.5692720413208004,0.8409023284912109,ebde834b2bb238e4fb3e842d5881eb22d0b7c12494a3fc43ca18c4718644b16b,True
r5,coincollector,186201,286201,0.5555555555555556,0,0,5,20,1.4337778091430653,2.0110607147216797,e3fab8a3148466df1182ce41d3f92887554eb63caa9f1a65bd0a26ae97c66a5c,False
r5,coincollector,186202,286202,0.4444444444444444,0,0,4,12,1.1284112930297847,2.7251243591308594,ccd33212f1ca37b534019d738e2ef5351b7ded25034d2a8842f1c7a54137ce69,False
r5,coincollector,186203,286203,0.0,0,1,0,1,0.6836891174316406,0.743865966796875,8089fcd2c69ee3e5deff3fad0c34bcbfef56da27e8ac2d1aba340bd045651607,True
r5,coincollector,186204,286204,0.0,0,0,0,17,1.2594819068908687,1.8470287322998047,8a38e9fc39c2796ce8e01cadbf178ac95193c89f58729cddab642d059613cbab,False
r5,coincollector,186205,286205,0.2222222222222222,0,0,2,4,1.302349567413329,2.7008056640625,06948c178f765e95d598a845c39708a48d4fa461c9075a27411a34b05b669d03,False
r5,coincollector,186206,286206,0.3333333333333333,0,0,3,11,0.9417891502380371,3.020048141479492,a912c1114625bf90663471a7ba7b6dbcfbc2d931dd1bb31f72bd6387447f8d95,False
r5,coincollector,186207,286207,0.2222222222222222,0,0,2,14,1.8715858459472656,4.5909881591796875,0fdbf51e3c556624837bd5a0f5c4675c28778c3f819014c9d5042c299cd2f62a,False
r5,coincollector,186208,286208,0.0,0,0,0,4,1.6625642776489253,3.3931732177734375,d7ef9631b9491b7338268fcbfdf660c86872de0f60ace522a7e64e6e4bd71895,False
r5,coincollector,186209,286209,0.1111111111111111,0,1,1,2,0.9155511856079102,1.0161399841308594,45227febebddd8decd1867f2f77ceefcc55a281b95aa67d7838fc16260816af4,False
r5,coincollector,186210,286210,0.6666666666666666,0,0,6,20,4.37175035476684,8.069992065429688,2d30474c0ed7df8386d47d4eb36a37ebe4d39fa8434e39c65a134994329214d3,False
r5,coincollector,186211,286211,0.2222222222222222,0,1,2,5,1.7510175704956052,2.523183822631836,9ad58c00ba47a1dc820a17a68cb0868bbb5ce469f13e811571f096cc48eae1e9,False
r5,coincollector,186212,286212,0.2222222222222222,0,0,2,2,1.6083002090454086,2.0220279693603516,b44619a4e35ccde3780d885d2ac4cf2956014468c3fe23e14ae29940661da2d3,False
r5,coincollector,186213,286213,0.5555555555555556,0,1,5,5,1.5392780303955076,2.3980140686035156,7902beeb28e2965ef0e2bae4d459d8fba875f99184e47aa3729b2d109d2ac4eb,False
r5,coincollector,186214,286214,0.2222222222222222,0,1,2,7,1.1219978332519531,1.7848014831542969,da209fc123844950707da6827c6ae2978f55d7b5a24cda444718103ca5bd4036,False
r5,coincollector,186215,286215,0.1111111111111111,0,0,1,10,2.779972553253172,13.331174850463867,225a8cd8ed205d8fe9cdb9c83fc5b72ee878ec5cfc637e81500366d7a25701ad,False
r5,coincollector,186216,286216,0.4444444444444444,0,0,4,10,2.3050189018249494,7.134199142456055,86f1b17b66cdb556c94b1fd97cb13aa6c5781299b07b164bfc66f21f68bab7af,False
r5,coincollector,186217,286217,0.3333333333333333,0,1,3,9,1.7611384391784668,6.641149520874023,cf0ad7f07cb4fe7b9272c19cd269e7e84e91670c2d14166835ca910ea48d492b,False
r5,coincollector,186218,286218,0.4444444444444444,0,0,4,12,2.53070592880249,6.874799728393555,ba60996e41ffaf60c7d7af8dc532dc2246a238e725fe9fe29a62f27d8efd4f6d,False
r5,coincollector,186219,286219,0.3333333333333333,0,0,3,9,2.6646018028259264,8.721113204956055,9257d4b0f4249dbe13f0a992a0cf77ae1f6fdafba6cbd65cf24a974738de2732,False
r5,coincollector,186220,286220,0.0,0,0,0,12,2.158248424530028,5.70225715637207,8681ae16a3404a01f01e913254ade33fb208898f9ac73d93ff8c76cc4c69cc24,False
r5,classic,186301,286301,0.3333333333333333,0,0,3,4,0.37107467651367176,0.5519390106201172,9696e50b0f0d9218a75bd62d52e2861c24ade620057144e9697379910f17ba8d,True
r5,classic,186302,286302,0.5555555555555556,0,0,5,7,0.5011558532714833,0.7729530334472656,c7e70f7e8cec7876dc4e906edd1149f864bab8675634c507785c1661e2a6cf73,True
r5,classic,186303,286303,0.1111111111111111,0,0,1,2,0.310993194580078,0.5788803100585938,c15c9f53c89815ed34d634675a87644c9fe97ba6cec35367a51b46c9d4eb1aba,True
r5,classic,186304,286304,0.1111111111111111,0,0,1,16,0.3348588943481444,0.5800724029541016,47babb6f8aa80891fa2a64a4453ae754142632fc7461b0bb6ef3f667d3084f50,True
r5,classic,186305,286305,0.4444444444444444,0,0,4,14,0.3952980041503904,0.5850791931152344,ea8d591b3f95c7c2fe1cf22e34cbad99f9426a6f81b360f6f15daa6eabffa644,True
r5,classic,186306,286306,0.0,0,0,0,0,0.29711723327636713,0.6191730499267578,5408a90948526c286a06374f07583ee12aefef1cca428b85c3069cfa576d9366,True
r5,classic,186307,286307,0.0,0,0,0,2,0.3571867942810058,0.6940364837646484,27475ecfb31e80081f1f9e44cbb404989cd58400fc40b1d09d45abcad9da2596,True
r5,classic,186308,286308,0.1111111111111111,0,0,1,29,0.26702880859375,0.5362033843994141,5538ccd81b26cb7445e305e11f63a489a14623352c3e554dd16993cf4014509f,True
r5,classic,186309,286309,0.1111111111111111,0,0,1,3,0.3151059150695799,0.5331039428710938,81d69cc84ff58143598b07ab79168649f728bff47cb701e2daec6f8e58581208,True
r5,classic,186310,286310,0.6666666666666666,0,0,6,4,0.3149986267089843,0.5769729614257812,dc2c04941a771198a7a287ccacfd7031ba304d3c6a426e2b6d69512446dd991d,True
r5,classic,186311,286311,0.0,0,0,0,0,0.4130840301513671,0.6101131439208984,2f2caa2894026ad3173dde84e856cd9d6bca920de0e7591163ac70f72f8d42de,True
r5,classic,186312,286312,0.0,0,0,0,34,0.33813714981079096,0.7009506225585938,e719da981c9a152e5483d2de0cf146a61b903a386865fca98b59cc43d2000b4d,True
r5,classic,186313,286313,0.3333333333333333,0,0,3,6,0.7409811019897459,26.43132209777832,1dc84354ed4849ea6efa44a5554c58e00c17ea51f0f2635a310be07bda1b3f69,True
r5,classic,186314,286314,0.1111111111111111,0,0,1,3,0.30590295791625977,0.598907470703125,6db8ed09417ea888cc9810bf3e449ee96a44f080c2bbad9acd7eec5ac60c0eaf,True
r5,classic,186315,286315,0.0,0,0,0,0,0.3380775451660156,0.7371902465820312,5408a90948526c286a06374f07583ee12aefef1cca428b85c3069cfa576d9366,True
r5,classic,186316,286316,0.2222222222222222,0,0,2,0,0.35190582275390625,0.8709430694580078,a130b60f3d0bf9c37b81011bbe51fddd386095c31f2638f84e6e29cf2207cb7c,True
r5,classic,186317,286317,0.2222222222222222,0,0,2,2,0.6214976310729975,0.988006591796875,2b4ec8fefb9a364948a7ce473761eb8d1d947d40e0ebd1cc9f99f35c3b358d5c,True
r5,classic,186318,286318,0.0,0,0,0,0,0.24822950363159177,0.5502700805664062,f47b133e9697aff3ca4d544f99b20863b1d82e6eec97ab71dd5ca7a608d429fb,True
r5,classic,186319,286319,0.0,0,0,0,3,0.28048753738403287,0.6318092346191406,076c0e7a146ee149027368b6c8d9a38af282fb66062174c18aef8a8da50e1fcc,True
r5,classic,186320,286320,0.6666666666666666,0,0,6,10,0.37224292755126925,0.7009506225585938,a003b73c54ae537a5b8763e65ae0d4f5db630912177f2d1e85e7ec7f6b2bff0b,True
r5,coin-heaven,186401,286401,1.0,0,0,50,0,0.6331443786621089,0.8897781372070312,36eefbba6b8765e8d6ea3b2b3f2eddd67f04ac4d5913ff1497690d3185a7ef44,True
r5,coin-heaven,186402,286402,1.0,0,0,50,0,0.8474826812744137,1.2328624725341797,448b852286ded453935eebd4118e95888c2a22385432c94765aaa1d0696486c1,True
r5,coin-heaven,186403,286403,1.0,0,0,50,0,0.7573604583740225,1.2259483337402344,c3d3ccb0f9b75f45d65d4d9f812085f89bdfcdd6eb7bbe77f4d69045014f9407,True
r5,coin-heaven,186404,286404,1.0,0,0,50,0,0.9303569793701167,3.390073776245117,4a135740b376e06af3858b4900412f6724aaa134081d133330ab071b4d9e2659,True
r5,coin-heaven,186405,286405,1.0,0,0,50,0,0.5415678024291992,0.8990764617919922,5ff0cae918eacb920420ed839d9660348022e79de19d03fa075a1cb62f156ba8,True
r5,coin-heaven,186406,286406,1.0,0,0,50,0,0.6707906723022461,0.7729530334472656,c62ca0db1c14d4db7ca034c9193f32f8a3fb59a0d8a53b67fe4e88ee4be44e39,True
r5,coin-heaven,186407,286407,1.0,0,0,50,0,0.4690766334533691,0.7758140563964844,b29cf7bf3c439ad6310341b9e51190f912c9d418bd436ee7695d002711bed838,True
r5,coin-heaven,186408,286408,1.0,0,0,50,0,0.7851123809814449,1.1420249938964844,ee1e1ee822683af4e23c5de6c48c141a6e6e6949045ed56f6ad95979fd329b38,True
r5,coin-heaven,186409,286409,1.0,0,0,50,0,0.6393074989318848,0.8089542388916016,ca14f5cec9fe0f9341d25700033e56a568f72c1579fae94d7cac3a70e6a4a27e,True
r5,coin-heaven,186410,286410,1.0,0,0,50,0,0.8260726928710938,1.1410713195800781,85824d31540ee8f61a22bc70a35f209acaa0bd31d416164fc2022d24747abdde,True
r5,coin-heaven,186411,286411,1.0,0,0,50,0,0.4638195037841797,0.9090900421142578,342128bc0bf8f481daf7c81d164aec4c074d7db06f7c0815e02eaaac33b4646e,True
r5,coin-heaven,186412,286412,1.0,0,0,50,0,0.6777763366699218,0.9348392486572266,adb037104a0dd2c3b30581cfc6e846256d65e813d26dcb68d7e42239faaa12af,True
r5,coin-heaven,186413,286413,1.0,0,0,50,0,0.5461335182189941,0.6890296936035156,e75cd63050428f072fff81906bce143e3d1c93979a2c8d9209faf54eb888432a,True
r5,coin-heaven,186414,286414,1.0,0,0,50,0,0.5977630615234374,0.9500980377197266,d0e6495662ce62484c820375156f6bff8e856f9d08c6389c2f319e093283bd7a,True
r5,coin-heaven,186415,286415,1.0,0,0,50,0,0.6301641464233397,1.1451244354248047,ac9642a5a6d952241d115d4f3fee0d88fd88736f29a8a2d68a387011dc1ed9ca,True
r5,coin-heaven,186416,286416,1.0,0,0,50,0,0.8918285369873046,1.3728141784667969,de23115be31bfef2fb3aa3cb90b39843c37bc7b6b8869d5d6f33c88814d32acf,True
r5,coin-heaven,186417,286417,1.0,0,0,50,0,1.2893676757812491,2.22015380859375,75ba7349e399c71b0ebdb9a9bd61c3a755f0d2393c7145ead3bb94d5995941a3,True
r5,coin-heaven,186418,286418,1.0,0,0,50,1,0.9684562683105468,2.4912357330322266,5d98248dd43be973212f597c4c8b8d4ee935872a9bfa9c1716873a4ef4f2434c,True
r5,coin-heaven,186419,286419,1.0,0,0,50,0,1.683950424194336,2.3050308227539062,b8ba8ac2a34a7b570364652b5c306426af06dcbf05e06f7695505c2ac08f9ce1,True
r5,coin-heaven,186420,286420,1.0,0,0,50,0,1.1971592903137207,2.306222915649414,29bbae42d88f6990597260dc33d838184f85e031d326e2bf16ab322340ced6d2,True
r5,loot-crate,186501,286501,0.58,0,0,29,17,3.0910253524780256,55.48405647277832,6d6527288de572e5ef8d9df05f9268baac32239db52ad2955b4fb00a26ffb548,True
r5,loot-crate,186502,286502,0.06,0,0,3,2,1.2624859809875475,3.8042068481445312,a32377158b917657d0d9d35c6ad46fe7e981480addf915c0c3a2dc73d2eee2f4,True
r5,loot-crate,186503,286503,0.52,0,1,26,2,1.4439105987548795,2.6772022247314453,6a15b43f67a677f50793e75a243be950f4522ab1d327aa787f044d919a0fbf38,True
r5,loot-crate,186504,286504,0.56,0,0,28,2,1.3575792312622066,2.5000572204589844,d20072714e81f29fa84bf6822ac95c97413d4b9105b038a85f0920d73d4b803f,True
r5,loot-crate,186505,286505,0.12,0,0,6,2,1.5764951705932604,3.0727386474609375,d7706b8a731d06d83f579905c471c468dfaefd4ebe493988bfc10801d9c34bbd,True
r5,loot-crate,186506,286506,0.02,0,0,1,0,1.4573574066162105,16.218900680541992,feab028b8fbb9b24f61deb9ecb4aca703d3143b69e093b3c1576011f63088348,True
r5,loot-crate,186507,286507,0.56,0,0,28,8,1.1694312095642079,2.9439926147460938,39add13a3c48c2add787f0ce2cba5eaf8888169a8a31dc79bbf62e4abab42f27,True
r5,loot-crate,186508,286508,0.16,0,0,8,95,1.9805550575256325,8.378744125366211,12daa37a15718e89a54dc68744c8c74ce6cd1d978869c2c8fd86a478cd96fa74,True
r5,loot-crate,186509,286509,0.42,0,1,21,8,1.4455556869506838,2.7709007263183594,2faa6dd41bea42068fae6268d3bd618c46a8914006224c4ce447ca5d26c8f35f,True
r5,loot-crate,186510,286510,0.46,0,0,23,10,1.1590123176574705,2.108335494995117,4a216e2b025ca01c6f14c4b6636bbec7fd8dd9c6587db9f3514489e83ea8f0d4,True
r5,loot-crate,186511,286511,0.38,0,0,19,8,1.4736890792846673,3.5467147827148438,85a1bb7ce6dcbbf9c7fd723ac74b0374207891513f8a7f917ea0213340c67727,True
r5,loot-crate,186512,286512,0.38,0,0,19,1,0.8314728736877419,1.878976821899414,90918905b6f5b1b1e13b46a4ff038f8d23ac18092ad31eb91608c2689fc0d441,True
r5,loot-crate,186513,286513,0.38,0,1,19,4,0.5084753036499023,0.8678436279296875,1ca20ede84b06f93b8df36e2adbf177ecb11fad70d1b61e537f09b5de090a7ff,True
r5,loot-crate,186514,286514,0.02,0,0,1,0,0.8068084716796875,1.7693042755126953,62ef5cbffd1a1d55a2fa1be74b149ba16a3dc88fbba71f0e61645794b4f1a95b,True
r5,loot-crate,186515,286515,0.3,0,0,15,5,1.2349724769592274,3.5848617553710938,f99a74868d94a5bf5c1978aa609885d72fbe9746f6767d401cd4965c1c2a4c7d,True
r5,loot-crate,186516,286516,0.36,0,0,18,9,1.3395905494689937,3.3369064331054688,2419ab98c69eed5f831321aabe3c78466045c39faf0b220f50eba8b56582314e,True
r5,loot-crate,186517,286517,0.42,0,0,21,2,2.1726131439208958,4.842996597290039,049453509052d00a1bc34cd8c51947400dccceb245c0d57ff3859a04835d3c38,True
r5,loot-crate,186518,286518,0.22,0,0,11,1,1.2232899665832508,3.9000511169433594,ce0eb622922ba0d31a265dbd34bf9c1c16ffe877fd386942adc0edcdcc1a0ad0,True
r5,loot-crate,186519,286519,0.74,0,0,37,15,1.5865325927734373,6.206035614013672,cdd9a9ac012672c2fc177f74ea4766fa1153c19e52a7286f46dc0671925a56b3,True
r5,loot-crate,186520,286520,0.2,0,0,10,3,1.086103916168213,2.5289058685302734,0ebda79e915c8d065af7bd328aeae8514a25970655d8f10ba065742f7c68189f,True
