replica,scenario,world_seed,agent_seed,collection_fraction,opponents_eliminated,self_kills,score,survived,first_place,tied_first,placement,invalid_actions,decision_time_p95_ms,decision_time_max_ms,action_sequence_sha256,repeat_match
r1,competitive,228201,328201,0.2222222222222222,0,0,2,False,0,0,2,2,0.7178783416748047,0.8840560913085938,8ff17113fff530cd999128b9f95917f73f43185b56c0d4775155405736ed7848,False
r1,competitive,228202,328202,0.2222222222222222,0,0,2,True,0,0,2,10,0.9452819824218748,1.4040470123291016,9aac9c73d42eb96059d052c7b5a9be1e54552b0059d1a57b08cbc74512998bda,False
r1,competitive,228203,328203,0.1111111111111111,0,0,1,False,0,0,4,5,0.5875587463378906,0.8687973022460938,a5a4635268742796ade1d9614d521fe63f20f9dadf10abfe173c39be90de0f7b,False
r1,competitive,228204,328204,0.1111111111111111,0,1,1,False,0,0,4,1,0.7748603820800781,0.9510517120361328,1e4e14465b2bb1238dc8763253af17265d15559112d242d2a12271f91efcd118,False
r1,competitive,228205,328205,0.1111111111111111,0,1,1,False,0,0,3,2,0.8099079132080077,0.9992122650146484,b8498f5b69f2df3fd88a62bcf76ff9d918e471a64218c378e3a110ee4e8a5d15,False
r1,competitive,228206,328206,0.1111111111111111,0,0,1,False,0,0,3,5,0.4761219024658203,0.5300045013427734,1b4f9520bb9a545a91158a1206140b34fc42fed0f4209f5233fef4fa51e1dda6,False
r1,competitive,228207,328207,0.1111111111111111,0,0,1,False,0,0,4,2,0.6918907165527344,1.0440349578857422,fa2a2dea0f4040fe80dcd7c99239d7bcdf17229512ae53b2e1015b4542835b95,False
r1,competitive,228208,328208,0.1111111111111111,0,0,1,False,0,0,3,12,1.2534141540527342,1.4450550079345703,c749b5c4d53f80a1b71b13b99f75f8be3e435cfdf99a41706aed2cd656145b7e,False
r1,competitive,228209,328209,0.1111111111111111,1,0,6,True,1,0,1,12,1.3791680335998506,3.100156784057617,f6f19342a0cb9292f6b2df215d4fbabf6d8b7690c5fbcc8b686c4f69d6239712,False
r1,competitive,228210,328210,0.1111111111111111,0,1,1,False,0,0,3,7,1.3643741607666013,2.276182174682617,d304e843b5be58d1f033f2fde88b048e253cad90717b0f1e0d55701a09e7984d,False
r1,competitive,228211,328211,0.3333333333333333,0,0,3,True,0,0,3,24,1.3038873672485345,3.1120777130126953,e8bcf0af18238b0109b1a1453f584807af2eb61cd81cafd587c185e3f03bcd62,False
r1,competitive,228212,328212,0.0,0,1,0,False,0,0,4,8,1.5128612518310547,2.5599002838134766,ca702ae88f726d20ea50d604d39012c5659c36e4826b20ec25c4a86a032f8118,False
r1,competitive,228213,328213,0.2222222222222222,0,1,2,False,0,0,4,15,3.753018379211426,8.034944534301758,4d8206aed048beed40c4cd0218172cc3f9a882e7bba582fbedf977a9cefd6031,False
r1,competitive,228214,328214,0.1111111111111111,0,0,1,False,0,0,3,11,1.8925428390502927,2.9909610748291016,d3a04f0a837af575a70e30b134f1b1788880d4e59b76147fe7ba9a3834ae689b,False
r1,competitive,228215,328215,0.2222222222222222,0,1,2,False,0,0,3,3,1.013040542602539,1.1429786682128906,c12c3d8beaacca43020880ce6a3714cebb7a7c97d1b3c2bb20b20dfa6a0f7783,False
r1,competitive,228216,328216,0.1111111111111111,0,0,1,True,0,0,4,16,2.041137218475342,3.2770633697509766,72b2442d09aba038f863595de84cc3d85df8d45977a9010e7736d38254af165a,False
r1,competitive,228217,328217,0.2222222222222222,0,1,2,False,0,0,3,7,0.9160041809082031,1.1780261993408203,b1a6c9ed3e687c1f2a70b1fdb794deb5ba36152fb3ecf41056465f605f34fe71,False
r1,competitive,228218,328218,0.3333333333333333,0,1,3,False,0,1,1,4,0.6483554840087891,0.7979869842529297,6de012a661573bb8c62ee09d9ffd0f3b3cd73a68c9739ee29fee526f88dc5ed1,False
r1,competitive,228219,328219,0.4444444444444444,0,0,4,False,0,0,3,11,0.6663322448730472,1.7011165618896484,729afbef129ef55b0fa5768d300283cc3857eefa3432662e22d2bbc61a3f7023,False
r1,competitive,228220,328220,0.0,0,1,0,False,0,0,3,8,0.4977703094482423,0.6651878356933594,0354f95b94ca7c48e14ab4082f5b6b1380b8c55810893033e1acc3cddc55857d,False
r1,mixed,228601,328601,0.0,0,1,0,False,0,0,3,5,0.5408287048339844,0.5972385406494141,f2df5505a0f48f94b6b2e15bd0e2b383711e96bb22a23665806d21ab3bc5dc8f,False
r1,mixed,228602,328602,0.0,0,1,0,False,0,0,3,2,0.4814624786376953,0.5118846893310547,ec238cdb26bbf75e544968b0d1ce3c9074a5452e67429b929e6d147e45d316e0,False
r1,mixed,228603,328603,0.0,0,0,0,False,0,0,3,4,0.44019222259521446,0.6010532379150391,507c05c7a9051be270b6378d00cdd9596566d51c84899e4902a69f57cbbe218a,False
r1,mixed,228604,328604,0.2222222222222222,0,1,2,False,0,0,3,14,0.628590583801269,0.804901123046875,787c7079c4b0934674673c491e705456c32a128de4443f04f6f4e8a6ca935e68,False
r1,mixed,228605,328605,0.3333333333333333,0,0,3,True,0,0,2,22,0.550436973571777,0.7417201995849609,3bcae522fe9e716e1a0578b6bd9c414be6c6cecd38e56bc50eacb14e48f9e6a6,False
r1,mixed,228606,328606,0.1111111111111111,0,0,1,False,0,0,3,16,0.6711483001708984,1.1866092681884766,55af99375058f8089cd828e85b80c00f254d869a0bdb9b9ac186507eb6116a01,False
r1,mixed,228607,328607,0.0,0,1,0,False,0,0,3,2,0.40988922119140625,0.5559921264648438,1324fc2974dbfee742d3fcfd8747217dbb6b1b0712f61c69a8ee806d575d5f11,False
r1,mixed,228608,328608,0.1111111111111111,0,0,1,True,0,0,3,19,0.7561683654785155,1.6491413116455078,0087189bac1b7bd42453aa2dd023d423ab7cba4a1fca6ab88d01aa5faa43ce94,False
r1,mixed,228609,328609,0.3333333333333333,0,1,3,False,0,0,2,1,0.9325981140136718,1.1777877807617188,5861db9140a20e5ce59e61cf4512342a693d7cf4f3c74e53971e0ede886231cf,False
r1,mixed,228610,328610,0.4444444444444444,0,1,4,False,0,0,2,11,1.3500571250915527,3.1599998474121094,172b815c29c042bb181116d27ee1fe836d62b1601b22a099b9662732f4ebf475,False
r1,mixed,228611,328611,0.3333333333333333,0,0,3,True,0,0,3,11,2.020323276519775,3.4949779510498047,2c906e47cfe06577d3909264fe8a3857826487c0200cdd5dfac2d9470b7b3e5c,False
r1,mixed,228612,328612,0.2222222222222222,0,0,2,True,0,0,2,13,1.8410921096801756,3.347158432006836,9599b2805c1a2a988071d477b4e6a632f320254055050c4e9fe0d92e789c7481,False
r1,mixed,228613,328613,0.2222222222222222,0,1,2,False,0,0,3,5,2.237856388092041,3.072023391723633,155d8af62bb35789ec1f3a6eeddc428ba79c0e384abee759eac76cfe16ab08ca,False
r1,mixed,228614,328614,0.0,1,1,5,False,0,0,2,7,1.5393137931823735,3.0660629272460938,cf8030c0f23abfc78bea7382126a4e3989f072a44ab9133155917c02d3c630ac,False
r1,mixed,228615,328615,0.1111111111111111,0,0,1,True,0,0,2,32,2.8947472572326647,4.472017288208008,326023d57b20ec9115a2f1c3acabdfb3d6c32377948cf47fdca5c09c21c39851,False
r1,mixed,228616,328616,0.1111111111111111,1,0,6,True,0,1,1,23,1.398539543151855,8.334159851074219,b736c8464da857a05e18e42e5f7b12e190c35e91fc2834a0d7c90db651d0ba58,False
r1,mixed,228617,328617,0.2222222222222222,0,0,2,True,0,0,3,12,1.0666728019714349,2.6459693908691406,2ea730e2aff046b5780c7e9c0364f66efb0cea7bb92a8a2b7e8329bb71c548e9,False
r1,mixed,228618,328618,0.1111111111111111,0,1,1,False,0,0,3,15,1.116251945495605,4.930973052978516,d30f6888961503e0746ad9beb080afcb8668e6e9d6bf596efb28be2adc8f166b,False
r1,mixed,228619,328619,0.2222222222222222,0,0,2,True,0,0,3,7,0.5689859390258781,0.8270740509033203,85d98ab0332122c7938627333573f8dbeaca281cab582d7845b58a5b0abaecca,False
r1,mixed,228620,328620,0.1111111111111111,0,1,1,False,0,0,3,4,0.4470348358154297,0.4978179931640625,6089192b181a8d01f2da140ad34b1eaf6a0889707ef5d4f0d866938ec34b9567,False
r1,peaceful,228101,328101,0.1111111111111111,0,0,1,True,1,0,1,0,0.2040863037109375,0.3960132598876953,a2b93a0d9ee66d370bc18c225cc7d12f5f2c463f37a7f0be0d14ebb703823bac,True
r1,peaceful,228102,328102,0.0,0,0,0,True,0,1,1,0,0.23393630981445307,0.39196014404296875,8c6ff0f220746cb41d2b7c7ee21149a2afbfad650233ef5aa861b3b8778886b2,True
r1,peaceful,228103,328103,0.1111111111111111,0,0,1,True,1,0,1,2,0.30112266540527344,0.40030479431152344,e73ac2a40a4372500be1af121521a7dff93b645483572af3b507a5ac31901c2b,True
r1,peaceful,228104,328104,0.0,0,0,0,True,0,1,1,1,0.2510666847229004,0.5409717559814453,578e9366c69cc238ac96c08681364254ad6c4d091ea97d11fcd5686b3f88b1d9,True
r1,peaceful,228105,328105,0.1111111111111111,0,0,1,True,1,0,1,3,0.325930118560791,0.392913818359375,98eb7f4f3bf9a2817c1a5fe1951812c64bdff4fa9bf45faa501c5c1f79716f93,True
r1,peaceful,228106,328106,0.0,0,0,0,True,0,1,1,0,0.20619630813598613,0.38504600524902344,06eb58eacb4a2f6c3e74bce831d6e59b654c1f4bb339a9f75f80bfe804ecd4f6,True
r1,peaceful,228107,328107,0.1111111111111111,0,0,1,True,1,0,1,6,0.47707557678222656,0.5521774291992188,c7f3d8818177e9b16c71ca0bc0d3fd2819691a72db1e301c884041aab1a9f92d,True
r1,peaceful,228108,328108,0.1111111111111111,0,0,1,True,1,0,1,26,0.23484230041503906,0.39315223693847656,8aa9d24f920e3ce56bff8e254342a7c7f5d167a093214d7c1e8cdd3f1b19d359,True
r1,peaceful,228109,328109,0.7777777777777778,0,0,7,True,1,0,1,14,0.5018830299377441,0.5917549133300781,24c301528c89d0f09feb7777dfecda18501272df949c31a03cb2a437a12486b2,True
r1,peaceful,228110,328110,0.1111111111111111,0,0,1,True,1,0,1,0,0.2687215805053711,0.45800209045410156,953ef5d4e813b3769b8667388d7f38857218c34ce7b4258fc54b8a9c0909041c,True
r1,peaceful,228111,328111,0.2222222222222222,0,0,2,True,1,0,1,19,0.3850936889648437,0.4138946533203125,34f8ae365545d4a80e62e13d0ceac6f74658f67e48950ef5b0ad4b46d1ed40a1,True
r1,peaceful,228112,328112,0.1111111111111111,0,0,1,True,1,0,1,0,0.3071188926696777,0.41484832763671875,0b03e26859b8b555265ccba5250749588bc01da1ff8c078ca38139e8a32e5af0,True
r1,peaceful,228113,328113,0.0,0,0,0,True,0,1,1,1,0.3600120544433594,0.4520416259765625,6e2c33f143e272a383c90a611c2fc37f599c671d9eab95d383a4e496ec54d162,True
r1,peaceful,228114,328114,0.0,0,0,0,True,0,1,1,1,0.3049492835998535,0.4439353942871094,d2f7ff79baf6c583aa21ef1b86ed7da0f04060ffcae0bedc80a6e3ddcdc7de9a,True
r1,peaceful,228115,328115,0.2222222222222222,0,1,2,False,1,0,1,1,0.3075599670410156,0.39005279541015625,a106902a6b478a20fdf676d658e08832e7e1ca7dc18455644397b14ad4a17bc6,True
r1,peaceful,228116,328116,0.1111111111111111,0,1,1,False,1,0,1,7,0.4415750503540039,0.5769729614257812,520d193ac7bb9d14ba0b2c0bd141db6f92447484e4241da3b69228b5f9fb47a0,True
r1,peaceful,228117,328117,0.2222222222222222,0,0,2,True,1,0,1,0,0.23010969161987302,0.4279613494873047,e6b9cfb6030398546c32993d12604cf57bd3b7c15bbd6925202d49e22596f0bf,True
r1,peaceful,228118,328118,0.8888888888888888,1,0,13,True,1,0,1,8,0.3762483596801758,0.4982948303222656,f3f9417622178c30547de522250494b8fbe20ff812d2ca5df805906ea5a6a745,False
r1,peaceful,228119,328119,0.1111111111111111,0,1,1,False,1,0,1,2,0.32836198806762695,0.43392181396484375,b174509452fdeaa612a5a737a67af0519c000d246c21dabe0f85cba246151b52,False
r1,peaceful,228120,328120,0.1111111111111111,0,0,1,True,1,0,1,1,0.28518438339233393,0.39887428283691406,7a6250d66ffb031219fda356c667cb6d3d876667ebfbae3c1d68461fbdd604d8,True
r1,classic,228301,328301,0.3333333333333333,0,0,3,True,,,,6,0.2930521965026855,0.5779266357421875,433d5a3fcb3fa6b83636565e6d306ca9f6a58cc5532d852169911f7bb3f1b5df,True
r1,classic,228302,328302,0.1111111111111111,0,0,1,True,,,,1,0.18911361694335932,0.43892860412597656,97681048d390dac6eec240f67b6acaaa3e90bde73f68b50734e1366961e455ed,True
r1,classic,228303,328303,0.0,0,0,0,True,,,,0,0.20126104354858396,0.4112720489501953,6bba5eb4685fe1789e2d93cb5de9480a37abc2e78f1d7c5c4b4a3be269bcda55,True
r1,classic,228304,328304,0.1111111111111111,0,0,1,True,,,,0,0.20413398742675776,0.4570484161376953,6b804e6a00a7dec86cda1ea344d72480d8ae8a1ce2c95b1aba87dfad1238967c,True
r1,classic,228305,328305,0.2222222222222222,0,0,2,True,,,,3,0.23881196975707994,0.3898143768310547,88d76f9c78266292dd8711afb62471b03cdd7f516a26aa8b7855b510d7528f68,True
r1,classic,228306,328306,0.1111111111111111,0,0,1,True,,,,1,0.4014253616333004,0.6630420684814453,8a20deeff887fbc79660d3e5a94b94a2143d4f58ae2984e33899c9e6cafd3425,True
r1,classic,228307,328307,0.0,0,0,0,True,,,,0,0.19134283065795887,0.5152225494384766,ca3344a0c9df8938c0dca761cad7e6865f3f4edc48bd1c4c44b3d41adeef8f93,True
r1,classic,228308,328308,0.4444444444444444,0,0,4,True,,,,2,0.3658890724182127,0.8938312530517578,a5263be7796d1e84f1fd137c9deef9dc5865db0ae6e964a5bfa7aeaf30c8d727,True
r1,classic,228309,328309,0.1111111111111111,0,0,1,True,,,,2,0.19416809082031242,0.5128383636474609,5f38e34d6dddfead21869438c4babe8e100b6dee6d7ed05f272497c2ac925843,True
r1,classic,228310,328310,0.1111111111111111,0,0,1,True,,,,1,0.23918151855468744,0.4630088806152344,c32591c1e5d37c1e353783d7c183830e2dcd5f6efbc5813e686b62d3bb495c2f,True
r1,classic,228311,328311,0.3333333333333333,0,0,3,True,,,,21,0.23608207702636713,0.4088878631591797,c1c2f367345103eb03d007ca9a9723929278134696b0cf94be9dba2d0f398333,True
r1,classic,228312,328312,0.0,0,0,0,True,,,,2,0.2800583839416502,0.5788803100585938,a71d2305f8196b099493db395ed4ef153063795a24d61350e8dd6f8dbede22f2,True
r1,classic,228313,328313,0.0,0,0,0,True,,,,0,0.22311210632324202,0.5419254302978516,b7947de87a4391afee4de05e5d2f46a0330fe12e9985b96679cec2d86d7cddae,True
r1,classic,228314,328314,0.0,0,0,0,True,,,,0,0.19485950469970698,0.5438327789306641,b8fe5d04fad5d8f06368f9d1fc945bc10fb7d11f814e7aa780131bd78ead4969,True
r1,classic,228315,328315,0.1111111111111111,0,0,1,True,,,,0,0.18689632415771465,0.44083595275878906,a97fc1ed4cc56a366ebb265915fa57cf53c92b65a9c1f4b598b8efc36478f7e2,True
r1,classic,228316,328316,0.1111111111111111,0,0,1,True,,,,0,0.40179491043090815,1.2269020080566406,ed9222cda54dc9b9ec5f5054c41331c7127cfdfc5e61d5c3d909bceed3e955aa,True
r1,classic,228317,328317,0.1111111111111111,0,0,1,True,,,,0,0.597095489501953,9.60683822631836,91e92821d16fb2500345d154d07d0ba3605be720ce9cd408b4a23057bfa2e489,True
r1,classic,228318,328318,0.1111111111111111,0,0,1,True,,,,2,0.5530595779418944,0.9720325469970703,1c213610ab7d18817e094ac839b5a3b18ba7b1b557abebd59f1e5535acd2942d,True
r1,classic,228319,328319,0.5555555555555556,0,0,5,True,,,,22,0.7335305213928219,3.5028457641601562,9f78f631f2a4c35423d23b5b937de607513dd09c848c6eeae0fbc98e7067a65f,True
r1,classic,228320,328320,0.0,0,0,0,True,,,,0,0.24209022521972648,0.7817745208740234,b7947de87a4391afee4de05e5d2f46a0330fe12e9985b96679cec2d86d7cddae,True
r1,coin-heaven,228401,328401,1.0,0,0,50,True,,,,0,0.6850957870483393,1.2378692626953125,dabd49032bd36083229a248dd885fa15e295276441c811692577ee705fb19620,True
r1,coin-heaven,228402,328402,1.0,0,0,50,True,,,,0,0.817871093750001,2.4690628051757812,f8058785096a78cf22ec63e3b90422f5652d4a778d26968aa5801e56a897dee7,True
r1,coin-heaven,228403,328403,1.0,0,0,50,True,,,,0,0.5478978157043455,2.05230712890625,727361e1fd3271789b18bb4799b2a99e6bfe03c78f8e3744419be366c3c37a65,True
r1,coin-heaven,228404,328404,1.0,0,0,50,True,,,,0,0.8826255798339842,1.374959945678711,d328abea43fd04d39edcefe43cf3d60a2a1fcfc65b1f7b444751fd90965e5f34,True
r1,coin-heaven,228405,328405,1.0,0,0,50,True,,,,0,0.5103945732116699,1.3399124145507812,5fb7e2223248a60f4170d490c016dc351ff21ab3486f902622b3ed9288853cc6,True
r1,coin-heaven,228406,328406,1.0,0,0,50,True,,,,0,0.2009868621826172,0.38814544677734375,71e547683114cfa42a142ad216e3cb292c5beb36515dd1ff313d426b1828d247,True
r1,coin-heaven,228407,328407,1.0,0,0,50,True,,,,0,0.16970634460449216,0.2942085266113281,9e0d35d98461244f039f85c5b4ac96c7b26cbddcddb771f038b6f7fff74fd2aa,True
r1,coin-heaven,228408,328408,1.0,0,0,50,True,,,,0,0.22158622741699216,0.2989768981933594,cfaf0c022961bf2555e8468af3e26ea39844a73a67fd40086467271410c170ce,True
r1,coin-heaven,228409,328409,1.0,0,0,50,True,,,,1,0.6376266479492186,7.483720779418945,630601516b9b8716cd555f61e554e010514f66a914e493581c6c7664a744d736,True
r1,coin-heaven,228410,328410,1.0,0,0,50,True,,,,0,0.21629333496093747,0.30994415283203125,717619a5036a93c617cb7450a3929f0c57e5b9803cc6ed7120e9e2b0723bc80b,True
r1,coin-heaven,228411,328411,1.0,0,0,50,True,,,,0,0.2123594284057617,0.34308433532714844,b6abac21080467d9632a574383aa8242f54a1dad273416b868b856a779bda3d4,True
r1,coin-heaven,228412,328412,1.0,0,0,50,True,,,,0,0.16469955444335924,0.33402442932128906,af16b7fcc0487cc0ba50ab4e9e88e70217401495d77180f30fb53673d5f7b510,True
r1,coin-heaven,228413,328413,1.0,0,0,50,True,,,,0,0.19011497497558563,0.2818107604980469,92962aef5460899296db1dd2c40bf0a9aa86534b6f84d531c45baebc50d0fc21,True
r1,coin-heaven,228414,328414,1.0,0,0,50,True,,,,0,0.3843069076538084,0.4119873046875,e1c24a61c50ab203d1014b01ed724a310fa2805f36a2a031120df8981cb82048,True
r1,coin-heaven,228415,328415,1.0,0,0,50,True,,,,0,0.23398399353027335,0.3001689910888672,bb4f8a1ad4016551621b68a442b6a076e434d97002ca8d156233c8b1ba37f204,True
r1,coin-heaven,228416,328416,1.0,0,0,50,True,,,,0,0.17042160034179685,0.286102294921875,99a3821dc0200d637ea6fb6e183cb57a020be5a8dab52fb95da90e505258b287,True
r1,coin-heaven,228417,328417,1.0,0,0,50,True,,,,0,0.21073818206787093,0.2818107604980469,d8b9fa6fec9c6682f9f039fae724701a1eb2baa3db27bd95080142f778675a22,True
r1,coin-heaven,228418,328418,1.0,0,0,50,True,,,,0,0.30483007431030246,0.4100799560546875,1dfbccb31bd0f41a09caea0c3ea38a8b51421c0a7253a302bd2c2909864b242c,True
r1,coin-heaven,228419,328419,1.0,0,0,50,True,,,,0,0.19764900207519517,0.2460479736328125,fd83e3418228a35c93180e9ed99718b088ac7384c907f331c66eba9bb81ebe6f,True
r1,coin-heaven,228420,328420,1.0,0,0,50,True,,,,0,0.3486275672912597,0.4208087921142578,ad3e4db02ca22f6f03f1626c2bbc4201a2805a5b51e124b34f653de4b8c0d429,True
r1,loot-crate,228501,328501,0.34,0,0,17,True,,,,8,0.23895502090454096,0.3268718719482422,742cc5d953ca533ea52e4c7bb986d1358ea08e56dc2e15bf8517883d53cad7cb,True
r1,loot-crate,228502,328502,0.62,0,0,31,True,,,,24,0.26116371154785145,0.34308433532714844,96f70293239794b134f430788d1de91c407a7c38676fa9b0e74d9966a66598f3,True
r1,loot-crate,228503,328503,0.0,0,0,0,True,,,,0,0.14333724975585932,0.33402442932128906,f47b133e9697aff3ca4d544f99b20863b1d82e6eec97ab71dd5ca7a608d429fb,True
r1,loot-crate,228504,328504,0.42,0,0,21,True,,,,7,0.19725561141967765,0.3371238708496094,c57d4ff5c880d9ab62c40707ec384808d2ac62ddac85844e96bd1b82b15c2214,True
r1,loot-crate,228505,328505,0.16,0,0,8,True,,,,3,0.23608207702636713,0.3540515899658203,13c2ff7335f233633f6f4a113ba16e152eaa35a0ca40fcdb9e86ccd9bde54814,True
r1,loot-crate,228506,328506,0.08,0,0,4,True,,,,4,0.1778721809387207,0.33473968505859375,a59daa30050889a02ca81c7dd64bf28a2327dcc6f1c5238ac7c80a69e1197f08,True
r1,loot-crate,228507,328507,0.06,0,0,3,True,,,,47,0.21324157714843742,0.3819465637207031,a97ac5b0dfd2aea683b143c432f0cc09f55c4d7ed4025543f56da4a1d4248677,True
r1,loot-crate,228508,328508,0.6,0,0,30,True,,,,21,0.2561092376708984,0.37217140197753906,827c90ae6c765b4b7f64e602f625260f2a74e08c988f9fc53b862b094a2f683d,True
r1,loot-crate,228509,328509,0.3,0,0,15,True,,,,25,0.280332565307617,0.4038810729980469,530a71b6e0bebda8ba9900dea3e763b0d4248854632bc00bfc3bc7df2ec4cc32,True
r1,loot-crate,228510,328510,0.62,0,0,31,True,,,,13,0.23889541625976562,0.3502368927001953,256cad4dc9b34b47ae01cfc389d7d3607b5922e0c9d8fd3456fb9af499b8e14c,True
r1,loot-crate,228511,328511,0.26,0,1,13,False,,,,17,0.22984743118286133,0.35881996154785156,582cf7d21948d3624dd519009c6a6389178cf6b281acb55c64e2d59137f937ac,True
r1,loot-crate,228512,328512,0.3,0,0,15,True,,,,10,0.19112825393676744,0.3399848937988281,579c4f62b55db3ff1b8e68c498f1fef6c7127a656bc0a2e2afda2228192985d4,True
r1,loot-crate,228513,328513,0.34,0,1,17,False,,,,12,0.21958351135253903,0.3437995910644531,3d6e2885a212667c4da0cff3b0ba228b7aaf0ad60a0defe0039be89504931431,True
r1,loot-crate,228514,328514,0.22,0,0,11,True,,,,40,0.19793510437011713,0.3762245178222656,4f8561f81c3e09bbb0ee99d2f5e1d662b1161d7cf5abd0a7e06ac0c3b11d39ee,True
r1,loot-crate,228515,328515,0.32,0,0,16,True,,,,12,0.20577907562255857,0.3800392150878906,a0d059be6dc16402de7783af65222c9773e80101ec67c1679afd65afb8cd7177,True
r1,loot-crate,228516,328516,0.3,0,1,15,False,,,,11,0.27804374694824213,0.4000663757324219,bcdfac3404a692d6ba3fcdcf5f422e1098b7a3811dac0034c447da08bb4a4f5e,True
r1,loot-crate,228517,328517,0.02,0,0,1,True,,,,1,0.15687942504882812,0.33092498779296875,d09a11f7ca79acce9929acdd3c609c953189540921df020a1c3e9d9b289ccb39,True
r1,loot-crate,228518,328518,0.26,0,0,13,True,,,,5,0.23102760314941406,0.3440380096435547,3f672a136315e1acf2b4185b97308ddfb84b63e9aa366a8dd1196127451bb135,True
r1,loot-crate,228519,328519,0.02,0,0,1,True,,,,4,0.17318725585937492,0.3571510314941406,9468e304a4e54d8560d2d886a7432b113b7d7886392708e2210765188c6df116,True
r1,loot-crate,228520,328520,0.48,0,0,24,True,,,,15,0.2339005470275879,0.3390312194824219,5fb02383d33d42c07732e2ed293ab875c342b4c9acc409ae4373e69953c1e0d0,True
r2,competitive,228201,328201,0.0,0,0,0,True,0,0,4,17,0.7297515869140593,1.299142837524414,b424ef3f312520f4f50509de63e1004f180e535456ffffa37f084eeda8849191,False
r2,competitive,228202,328202,0.1111111111111111,0,0,1,False,0,0,3,5,0.4907011985778808,0.7517337799072266,3c13472b27ccadc2c0daa54af7b2c3b9e4a1f0bab6de29f1f71370016ca1cfe2,False
r2,competitive,228203,328203,0.1111111111111111,0,0,1,False,0,0,4,2,0.42939186096191406,0.49996376037597656,dc83d2b01bd2e9e237a06440863ee2f2b34c347b3fede2b3b8845836cb5b5829,False
r2,competitive,228204,328204,0.0,0,0,0,False,0,0,4,6,0.5359053611755371,0.6308555603027344,2ffc39037c0afa7434deab5d8509a90fa21b29c244ff2248da31328e3553f623,False
r2,competitive,228205,328205,0.1111111111111111,0,1,1,False,0,0,4,4,0.5029678344726562,0.5648136138916016,69f788e3f3c03d4ea84308c25b2ab196edbba410b2c3d21ec78c32513a53f9f9,False
r2,competitive,228206,328206,0.2222222222222222,0,0,2,True,0,0,2,14,0.9342551231384276,1.83868408203125,8e7dac83ec3eac75ed92d7214a2249c135330dc6eae44b762c6318959243537e,False
r2,competitive,228207,328207,0.1111111111111111,0,0,1,True,0,0,3,20,1.191437244415283,1.5659332275390625,0c6aa8dfecee14863497b0aa04e103d8fd048afba0f8aca5b157078eba9ea0a4,False
r2,competitive,228208,328208,0.0,0,1,0,False,0,0,4,6,0.6015300750732422,0.8020401000976562,6f61c2a5574f7d28cca773c491df37f4d4645d1b00543571269c917cfb6417a7,False
r2,competitive,228209,328209,0.3333333333333333,0,1,3,False,0,0,2,9,0.5347251892089843,0.7510185241699219,810f85689211a2523cb9a10aa593ba934dd5b6e36b49cbca2f17bc41f56124c0,False
r2,competitive,228210,328210,0.1111111111111111,0,1,1,False,0,0,3,4,0.6277203559875487,1.0538101196289062,bcd8cbe339b7f4aab4d0ec7e746653e0ec762d76ad8054104250ed7ccd3f9362,False
r2,competitive,228211,328211,0.2222222222222222,0,0,2,True,0,0,2,10,0.5381464958190918,0.6499290466308594,62a188597468dd94be0291b77be1994a9b90422f2586a2c3b1e6d66048284966,False
r2,competitive,228212,328212,0.1111111111111111,0,1,1,False,0,0,4,3,0.4016757011413574,0.4191398620605469,a6ed8aec841396eaf9ca7285a9aada72f47360f7d21112c3bba84daf18ea8866,False
r2,competitive,228213,328213,0.3333333333333333,0,1,3,False,0,0,2,11,0.63624382019043,1.0428428649902344,4ef97095d8ad77c87094ed71f08cc4a075e0a2858a0b6e4ddac24ea5e9986350,False
r2,competitive,228214,328214,0.1111111111111111,0,1,1,False,0,0,3,3,0.5222558975219727,0.6546974182128906,9a547977e3d1ed2eaed809d373ef70edfeee2a71b14dfdebcadf53fb11bf7225,False
r2,competitive,228215,328215,0.3333333333333333,0,1,3,False,0,0,3,4,0.7165312767028807,0.8749961853027344,3878c974193f1e94d22f820ae63a6b9c1fde4d8e53b146a65f7d74dbe930cd0d,False
r2,competitive,228216,328216,0.1111111111111111,0,0,1,True,0,0,3,3,0.5552411079406736,0.7879734039306641,7df4169f158fcaf66ebd4321db2d05d22113e9ab4cfff6f3929191a8dd14aba0,False
r2,competitive,228217,328217,0.2222222222222222,0,0,2,False,0,0,3,9,0.5962371826171875,0.9758472442626953,b897a42c42a7330042a837bb47466c0d99e0a8c2677814af15863cf58c1eae43,False
r2,competitive,228218,328218,0.3333333333333333,0,0,3,False,0,0,2,4,0.48133134841918945,0.5550384521484375,8480dee9f674525c5ad752fb0b28cba15a114e07365fd597f86c4a607ca27abf,False
r2,competitive,228219,328219,0.4444444444444444,0,0,4,True,1,0,1,6,0.5863308906555174,0.8978843688964844,015d7c72b50dd71d953e6494ee3415be6a170d0f4af1166d59d8ae5b7673a8f5,False
r2,competitive,228220,328220,0.1111111111111111,0,1,1,False,0,0,3,11,0.6067514419555665,0.9150505065917969,660805c54ca54773d5755811c1755eb9c764fb1c230e59fdd8efaf2984d722ed,False
r2,mixed,228601,328601,0.2222222222222222,0,0,2,False,0,0,2,4,0.8890628814697266,1.1310577392578125,77d044ba7ee409d6924521b7bee4cbbeebe935d8e0b29ff7bed5cb514ec56e1f,False
r2,mixed,228602,328602,0.0,0,0,0,True,0,0,3,6,1.182472705841064,1.5110969543457031,603c515422339b63d7a3c882a6cc567583d612c821a52634cbfc7924a321a8ac,False
r2,mixed,228603,328603,0.0,0,0,0,True,0,0,3,36,0.35721063613891596,0.4849433898925781,f7a25a5d92865c3e3890d92725a377ab842697eb98e30cda78bd7856c0a9bd87,False
r2,mixed,228604,328604,0.1111111111111111,0,1,1,False,0,0,3,6,0.3516674041748047,0.5309581756591797,dd50be25c5b741eb290949225a29d69617e9836011e8f857313b5538446518e7,False
r2,mixed,228605,328605,0.3333333333333333,0,1,3,False,0,0,2,7,0.7440447807312012,0.9760856628417969,a6a8bc21b15dbc05075143377c019edd232355cea4d0cfdbf2266d9882cfdda1,False
r2,mixed,228606,328606,0.0,1,0,5,True,0,0,2,11,0.8332610130310054,1.1000633239746094,07a7c0ba8ee437bee1a78a6a3c4bc3bda96d724e0b65345b48184db4cceac8ca,False
r2,mixed,228607,328607,0.0,0,1,0,False,0,0,3,1,0.29587745666503906,0.39005279541015625,f0cdaecd82f17680094fe67a9d96312772c915c73eb5894c87586874991e6d21,False
r2,mixed,228608,328608,0.2222222222222222,0,1,2,False,0,0,3,18,0.965285301208496,1.3501644134521484,41d9ea0f5d5924c57ca64091fb6482cdc859a4350e1c77b212e67b5d692b882b,False
r2,mixed,228609,328609,0.1111111111111111,0,1,1,False,0,0,3,0,0.27720928192138666,0.3609657287597656,e3b321e9cee657feedf7e1b4abb67ce8e707f859d8e2f4795836c50ffbc3635c,False
r2,mixed,228610,328610,0.1111111111111111,1,0,6,True,0,0,2,6,0.5865335464477535,1.7409324645996094,e6f5cc5ffc4f3927f8636289223e137670e8e4e7f6ce14cf8cb5de9bf89f6f25,False
r2,mixed,228611,328611,0.1111111111111111,0,0,1,True,0,0,3,17,0.5829930305480957,0.9760856628417969,00ca0eed63baa4021435b82ef2229b1d84a1c0e8416417c59d6d100c03cecd12,False
r2,mixed,228612,328612,0.1111111111111111,0,0,1,True,0,0,3,8,0.42327642440795893,0.5710124969482422,3d9bcd67352423c2cdbea2aaff3a824218d95dde095363b66d54dc2727d19de6,False
r2,mixed,228613,328613,0.1111111111111111,0,1,1,False,0,0,3,5,0.35943984985351557,0.408172607421875,c608d07e886df9a2a360294a6ad8448d4ae77d7d8b8478e2810d4b981d3d9813,False
r2,mixed,228614,328614,0.0,0,1,0,False,0,0,2,2,0.32129287719726557,0.3647804260253906,77dd89c2dea84720bfd02e4ae2ba476c6ad7acdbc75c101a90b48c085d285cb9,False
r2,mixed,228615,328615,0.6666666666666666,0,0,6,True,0,0,2,7,0.5230545997619627,0.6620883941650391,1af02da7bb7c7565e93992b4d5fefd29683a471d83641c10ad0f445329e98437,False
r2,mixed,228616,328616,0.3333333333333333,0,1,3,False,0,0,2,25,0.5135059356689452,0.6389617919921875,7505eb4243166a8aaff15f63ef97540b56e7c2edf161486423883a710d9f43f2,False
r2,mixed,228617,328617,0.1111111111111111,0,1,1,False,0,0,3,6,0.3477454185485839,0.4601478576660156,c97c1c0a421b0c3255779e8e8df0d2ee4c33e720c99bf5167bdf550d0ee87fc0,False
r2,mixed,228618,328618,0.0,1,1,5,False,0,0,2,12,0.4514217376708984,0.6480216979980469,5bc7a185e98e4b0276609557502f98a5586fe5eda4b7ff69d4daf21b777033c5,False
r2,mixed,228619,328619,0.1111111111111111,0,0,1,True,0,0,3,6,0.9443283081054621,1.390695571899414,eb073a0c5c5d020b93633bef26a5377c1f2a9e90f5c14effd36e9e7f71fd74ea,False
r2,mixed,228620,328620,0.1111111111111111,0,1,1,False,0,0,3,5,0.5149126052856444,0.5919933319091797,f5303a4b901eb017282650db7f5b6da1fc1bb1c1f6654b6d075003f460ac89d3,False
r2,peaceful,228101,328101,0.1111111111111111,0,0,1,True,1,0,1,41,0.34409761428833,0.5280971527099609,0168ea978278d41c9c097098ab368744106e621d7cced98c90e7b6b6e841043b,True
r2,peaceful,228102,328102,0.0,0,0,0,True,0,1,1,0,0.3419041633605957,0.6349086761474609,41c73a0874a0ae3ce252064b105e0e19640406024bbbfaedea683e9da79b5fb1,True
r2,peaceful,228103,328103,0.1111111111111111,0,0,1,True,1,0,1,2,0.36910772323608393,0.5040168762207031,469c5b8db35d0d851aaebd42e5a001d90c7ed6e217e20bc9602361db820e621d,True
r2,peaceful,228104,328104,0.4444444444444444,0,0,4,True,1,0,1,4,0.7078647613525391,0.8978843688964844,6a8712da62bf58ad33daefe5d69cc1f99834b9649df4491d0ff017d17d00a54b,True
r2,peaceful,228105,328105,0.1111111111111111,0,0,1,True,1,0,1,1,0.4221558570861815,0.5412101745605469,1dd054e0d503b9b1707d2083f2f53552fd4b3cb5ba4ce6620dbc7d7f1d46f2a5,True
r2,peaceful,228106,328106,0.0,0,0,0,True,0,1,1,25,0.3469109535217285,0.6620883941650391,e306f48183aa5b65c64c18065e818b94133cd623d59c384737499218fd06c5ea,True
r2,peaceful,228107,328107,0.0,0,0,0,True,0,1,1,56,0.388538837432861,0.7300376892089844,c4ee6d0cbf95f10aedbea59bee7380f1efe938141832c373993840202286a82c,True
r2,peaceful,228108,328108,0.4444444444444444,0,0,4,True,1,0,1,8,1.0359764099121094,1.4629364013671875,2abd7cd020d4b6e274aac09f183d8c31d9cc61815fdeca52e4faa60a461bd263,True
r2,peaceful,228109,328109,0.1111111111111111,0,0,1,True,1,0,1,1,0.6064295768737787,1.0020732879638672,ed3d943f1f0e50d318c9bb0645a64f3acabef6baae2edd561cf5b9baf5b4ba59,True
r2,peaceful,228110,328110,0.1111111111111111,0,0,1,True,1,0,1,0,0.3039836883544922,0.5812644958496094,ec25e89010964176df1a58aa9baa3eb743d37c25be277e3573b699e9e376817d,True
r2,peaceful,228111,328111,0.0,0,0,0,True,0,1,1,29,0.43892860412597656,0.5519390106201172,23e2301e1af117eeac6adf749c2bd31641de968ac59f9066c2f7f3fd2bbf283a,True
r2,peaceful,228112,328112,0.0,0,0,0,True,0,1,1,0,0.27590990066528315,0.6797313690185547,e3ec75cdf7cbf197112d355214d14dbbf4f694b936db44efa577cec9b72e5f5d,True
r2,peaceful,228113,328113,0.0,0,0,0,True,0,1,1,1,0.4580497741699218,0.6318092346191406,8493de4ee07f5f9f5a076a003262fc7c6be0d4a69aae51cc44b8f52901eb21c4,True
r2,peaceful,228114,328114,0.4444444444444444,0,0,4,True,1,0,1,4,0.6272912025451658,0.7128715515136719,ddcf0baf18fb0db36af96933d1815dc2b6188bd653b48921bcab2b38af078b5a,True
r2,peaceful,228115,328115,0.2222222222222222,0,0,2,True,1,0,1,4,0.6800651550292968,1.2128353118896484,5a489b57de286929c6ccb710647714321be56988661048a046aeabf0c203fbc8,True
r2,peaceful,228116,328116,0.1111111111111111,0,0,1,True,1,0,1,1,0.8093357086181626,1.5151500701904297,08e22bef94b2b9e39cbf685f2b4e42f3140326b6bb2a9d0c7f981dfd6cd05554,True
r2,peaceful,228117,328117,0.2222222222222222,0,0,2,True,1,0,1,1,0.535666942596435,0.9272098541259766,15dbefaf4f9179b832fa6ec20b1c656b159c9c452f2b7bfdfcbd42636d5202ae,True
r2,peaceful,228118,328118,0.0,0,0,0,True,0,1,1,0,0.7553696632385252,1.1119842529296875,456c4958e0bc3833e1bda22e3d4ff2f42dbeb19866a82c5226bbb665836477a9,True
r2,peaceful,228119,328119,0.0,0,0,0,True,0,1,1,0,0.3471016883850096,0.6151199340820312,265119014efa62ca6984a1f49e4cd6893feb465cc7abf3f8663367ff04f27bb2,True
r2,peaceful,228120,328120,0.3333333333333333,0,1,3,False,1,0,1,8,0.5984306335449219,0.8530616760253906,d8be01a2eccb940d97bf5243aa07d3b42129001862c0ee9481727682f5b4ba6f,False
r2,classic,228301,328301,0.3333333333333333,0,0,3,True,,,,49,0.166940689086914,0.32901763916015625,e9b0af912776f1fa1e79f29b0ecca461aa2dc878a0cd092e7a1999528fd0e652,True
r2,classic,228302,328302,0.1111111111111111,0,0,1,True,,,,2,0.317108631134033,0.74005126953125,94af38731d650179bad541a99648bdba183b325a81c12e95437564f26f213017,True
r2,classic,228303,328303,0.0,0,0,0,True,,,,0,0.17690658569335938,0.37598609924316406,5a027bc7b06c9f3b33692b1a34370cb56ec56e9ac80bf609d575d0b5cf8815e2,True
r2,classic,228304,328304,0.1111111111111111,0,0,1,True,,,,1,0.18578767776489252,0.40984153747558594,316c58f6855516507bc0e8e348a511dda0b499cd38fdf369368b040c3e22b52e,True
r2,classic,228305,328305,0.2222222222222222,0,0,2,True,,,,3,0.1759648323059082,0.3218650817871094,61663fbccd7b815d1b9c8614a77ce57672dffa8296dcda62abb32dee2f5a5223,True
r2,classic,228306,328306,0.1111111111111111,0,0,1,True,,,,2,0.16690492630004883,0.33402442932128906,903bf28d474a40d9eb93785212cf581655d907c656a57eb0394ebd8f58efbcf9,True
r2,classic,228307,328307,0.0,0,0,0,True,,,,16,0.16999244689941406,0.34689903259277344,baab8d3de348d7428a73a0fdeb55680fe646f8f050d8966dc470128bb21bf820,True
r2,classic,228308,328308,0.2222222222222222,0,0,2,True,,,,43,0.1672744750976561,0.3368854522705078,e9b5099df8268f628adaf017baab8b1d1533ceba8bb7535b3853f4b0b4762b76,True
r2,classic,228309,328309,0.1111111111111111,0,0,1,True,,,,2,0.15997886657714844,0.3910064697265625,b35930a6b8555a3149c76239deb2d0eba0a21b2585655f3aba58be06c39d5b59,True
r2,classic,228310,328310,0.3333333333333333,0,0,3,True,,,,0,0.22200345993041967,0.35500526428222656,ade69c6b8967945e44e577cf5312e98c3ec2982d9514efdbeb0771b5bab3ca38,True
r2,classic,228311,328311,0.3333333333333333,0,0,3,True,,,,13,0.20503997802734375,0.35119056701660156,127dc998c0993d20653fcae513d23ca28cf979c849ed1f90c4a3892c9f75e313,True
r2,classic,228312,328312,0.3333333333333333,0,0,3,True,,,,2,0.17925500869750957,0.3199577331542969,e62c28111dbb2e04929c4b763e12bd47bbdd9aa165e0717ecb79ec9b2f0f9e0f,True
r2,classic,228313,328313,0.0,0,0,0,True,,,,0,0.1590251922607422,0.3597736358642578,25dfca7a00d494b25e0f1b8a2c085379c35bc9247f4f8934368b08208668f8f4,True
r2,classic,228314,328314,0.0,0,0,0,True,,,,0,0.1621246337890625,0.3421306610107422,e47adc2287b6b624ae748cba3a297f294eb46058d64c8ac02c8cfd26e803fb65,True
r2,classic,228315,328315,0.1111111111111111,0,0,1,True,,,,0,0.15783309936523438,0.3819465637207031,50961d18241ce5ce14e9325587484971c59dc911e55e129e53eb567b70d33c91,True
r2,classic,228316,328316,0.1111111111111111,0,0,1,True,,,,0,0.16407966613769526,0.33593177795410156,be0c2be57fd857b420e35e608ead47b60a1afb3cd8c2c4bc1a16e63515368618,True
r2,classic,228317,328317,0.0,0,0,0,True,,,,0,0.1321673393249511,0.3631114959716797,7e6ee651244e884390171e4478421d4f10e9fb869c19cd8a592d9875e5260044,True
r2,classic,228318,328318,0.1111111111111111,0,0,1,True,,,,1,0.1587986946105957,0.3838539123535156,4c12421a9a2ffa6cf2fcfa8ea2f44891372122a83e9f1099e54ed2a28a4fc8a1,True
r2,classic,228319,328319,0.2222222222222222,0,0,2,True,,,,52,0.16710758209228496,0.42510032653808594,7c3c0c6085d9cc06d2675e461d9505d0def5ca423726f86de644f24cb42ab5e9,True
r2,classic,228320,328320,0.0,0,0,0,True,,,,0,0.15997886657714844,0.3521442413330078,25dfca7a00d494b25e0f1b8a2c085379c35bc9247f4f8934368b08208668f8f4,True
r2,coin-heaven,228401,328401,1.0,0,0,50,True,,,,0,0.18286705017089808,0.2970695495605469,dabd49032bd36083229a248dd885fa15e295276441c811692577ee705fb19620,True
r2,coin-heaven,228402,328402,1.0,0,0,50,True,,,,0,0.22304058074951175,0.2968311309814453,f8058785096a78cf22ec63e3b90422f5652d4a778d26968aa5801e56a897dee7,True
r2,coin-heaven,228403,328403,1.0,0,0,50,True,,,,0,0.27376413345336886,0.37479400634765625,727361e1fd3271789b18bb4799b2a99e6bfe03c78f8e3744419be366c3c37a65,True
r2,coin-heaven,228404,328404,1.0,0,0,50,True,,,,0,0.2753734588623046,0.3619194030761719,d328abea43fd04d39edcefe43cf3d60a2a1fcfc65b1f7b444751fd90965e5f34,True
r2,coin-heaven,228405,328405,1.0,0,0,50,True,,,,0,0.20450353622436523,0.28514862060546875,5fb7e2223248a60f4170d490c016dc351ff21ab3486f902622b3ed9288853cc6,True
r2,coin-heaven,228406,328406,1.0,0,0,50,True,,,,0,0.1399517059326172,0.263214111328125,71e547683114cfa42a142ad216e3cb292c5beb36515dd1ff313d426b1828d247,True
r2,coin-heaven,228407,328407,1.0,0,0,50,True,,,,0,0.13070106506347656,0.2589225769042969,9e0d35d98461244f039f85c5b4ac96c7b26cbddcddb771f038b6f7fff74fd2aa,True
r2,coin-heaven,228408,328408,1.0,0,0,50,True,,,,0,0.2249479293823241,0.26798248291015625,cfaf0c022961bf2555e8468af3e26ea39844a73a67fd40086467271410c170ce,True
r2,coin-heaven,228409,328409,1.0,0,0,50,True,,,,1,0.2006053924560547,0.23984909057617188,630601516b9b8716cd555f61e554e010514f66a914e493581c6c7664a744d736,True
r2,coin-heaven,228410,328410,1.0,0,0,50,True,,,,0,0.1950979232788086,0.244140625,717619a5036a93c617cb7450a3929f0c57e5b9803cc6ed7120e9e2b0723bc80b,True
r2,coin-heaven,228411,328411,1.0,0,0,50,True,,,,0,0.20515918731689448,0.34618377685546875,b6abac21080467d9632a574383aa8242f54a1dad273416b868b856a779bda3d4,True
r2,coin-heaven,228412,328412,1.0,0,0,50,True,,,,0,0.36697387695312494,0.46062469482421875,af16b7fcc0487cc0ba50ab4e9e88e70217401495d77180f30fb53673d5f7b510,True
r2,coin-heaven,228413,328413,1.0,0,0,50,True,,,,0,0.2370357513427733,0.33402442932128906,92962aef5460899296db1dd2c40bf0a9aa86534b6f84d531c45baebc50d0fc21,True
r2,coin-heaven,228414,328414,1.0,0,0,50,True,,,,0,0.4902839660644529,0.5283355712890625,719ca6b64f554a5d2ef10a6b52bc6086ac1eee7badfedbcb2c20f5f7834f78d4,True
r2,coin-heaven,228415,328415,1.0,0,0,50,True,,,,0,0.3005981445312499,0.4050731658935547,bb4f8a1ad4016551621b68a442b6a076e434d97002ca8d156233c8b1ba37f204,True
r2,coin-heaven,228416,328416,1.0,0,0,50,True,,,,0,0.22026300430297843,0.3681182861328125,99a3821dc0200d637ea6fb6e183cb57a020be5a8dab52fb95da90e505258b287,True
r2,coin-heaven,228417,328417,1.0,0,0,50,True,,,,0,0.3061413764953613,0.4239082336425781,d8b9fa6fec9c6682f9f039fae724701a1eb2baa3db27bd95080142f778675a22,True
r2,coin-heaven,228418,328418,1.0,0,0,50,True,,,,0,0.4798650741577144,0.7588863372802734,1dfbccb31bd0f41a09caea0c3ea38a8b51421c0a7253a302bd2c2909864b242c,True
r2,coin-heaven,228419,328419,1.0,0,0,50,True,,,,0,0.23989677429199197,0.32830238342285156,fd83e3418228a35c93180e9ed99718b088ac7384c907f331c66eba9bb81ebe6f,True
r2,coin-heaven,228420,328420,1.0,0,0,50,True,,,,0,0.44498443603515614,0.5519390106201172,ad3e4db02ca22f6f03f1626c2bbc4201a2805a5b51e124b34f653de4b8c0d429,True
r2,loot-crate,228501,328501,0.24,0,0,12,True,,,,5,0.2763628959655761,0.4379749298095703,d6e1ba1de5a1581dfe2b3e3a4f2198e5901b60b91627172c0ceb75fe3f794017,True
r2,loot-crate,228502,328502,0.28,0,0,14,True,,,,4,0.38448572158813443,1.165151596069336,d8edd02ed2966d7e4142e062bded151de416376fd53580129ef6296ee55522bd,True
r2,loot-crate,228503,328503,0.0,0,0,0,True,,,,26,0.18715858459472656,0.5109310150146484,2f117161784dfc038266d887a5c75ea172a06065f12273b6d62847b9cf2f231e,True
r2,loot-crate,228504,328504,0.54,0,0,27,True,,,,4,0.4029273986816406,0.5509853363037109,015e48b3c83a95ae4736ecc0e6c890f2341c56f08b94752ad5e83b0d5c1fb055,True
r2,loot-crate,228505,328505,0.14,0,0,7,True,,,,0,0.272107124328613,0.47516822814941406,3859f48a09011781c20bff0a64d94ee70cd36a4b4a03cb7e13173ec62aa28a27,True
r2,loot-crate,228506,328506,0.02,0,0,1,True,,,,0,0.3442883491516111,0.6809234619140625,0874fc02f69824f05de5a07aaae4a9c4a8d6bb8aebc7c9fe0d4976b18423243d,True
r2,loot-crate,228507,328507,0.06,0,0,3,True,,,,47,0.2840161323547363,0.5409717559814453,a97ac5b0dfd2aea683b143c432f0cc09f55c4d7ed4025543f56da4a1d4248677,True
r2,loot-crate,228508,328508,0.24,0,0,12,True,,,,2,0.25811195373535145,0.46706199645996094,b1a41dd7b2999853c09ce41c2c2117bc668842914ac4bdc69ba5414996f153e7,True
r2,loot-crate,228509,328509,0.14,0,0,7,True,,,,5,0.24120807647705064,0.45800209045410156,63e0fbcdac70d24e4edad6f4a32630968fe626c3e178981090418ffd48408007,True
r2,loot-crate,228510,328510,0.14,0,0,7,True,,,,3,0.2632975578308105,0.5011558532714844,dc5f37987189d6f235e80ec0c363dbc072cacbc8b558e1d25436c882787446d7,True
r2,loot-crate,228511,328511,0.24,0,0,12,True,,,,8,0.3714084625244139,0.7691383361816406,a939df6a38e26230a762f76cffba0f8efffefa47eb96b3a8c8737a402bb7d66a,True
r2,loot-crate,228512,328512,0.1,0,0,5,True,,,,78,0.22293329238891602,0.43487548828125,796ef83bc6b26a68838c18c74da8f1382c17afe82d35bc2aeea44de5a0bf6ed0,True
r2,loot-crate,228513,328513,0.08,0,0,4,True,,,,0,0.5343079566955564,0.9000301361083984,229dcbefb1c0cd96df966ca2f795208412e1c6da1990d24b9576db0698131892,True
r2,loot-crate,228514,328514,0.08,0,0,4,True,,,,43,0.23698806762695312,0.4761219024658203,ff31728cbc576f6727a7cc905220946e039b48fa309bdf5365720dd1eaddbf78,True
r2,loot-crate,228515,328515,0.28,0,0,14,True,,,,2,0.6483316421508786,1.0290145874023438,a814815163348cb81db466ce675a7b2b75cb920fe32a3a535a36a61a357e63c2,True
r2,loot-crate,228516,328516,0.18,0,0,9,True,,,,4,0.7933378219604489,1.4519691467285156,01d1e433e49ecb86b9abd002518fd3a3371a3fcc337e44dc75f3219bd487d310,True
r2,loot-crate,228517,328517,0.02,0,0,1,True,,,,1,0.2808690071105957,0.5331039428710938,d09a11f7ca79acce9929acdd3c609c953189540921df020a1c3e9d9b289ccb39,True
r2,loot-crate,228518,328518,0.34,0,0,17,True,,,,5,0.5062103271484375,1.21307373046875,7c2049cbea8f33629f3bf3933279662f85442ea18b3ed17271b17a450bfb8ba6,True
r2,loot-crate,228519,328519,0.0,0,0,0,True,,,,0,0.6692528724670408,1.4948844909667969,8e0060887570797b731a15d023251a2f9fec7bc4a6605c823ab6a0130fb40440,True
r2,loot-crate,228520,328520,0.16,0,0,8,True,,,,41,0.7293343544006345,1.1970996856689453,ea001bab35bb307db2b02a881a93d29e08b27bc9264a34ccbb0374a8bf49d51a,True
r3,competitive,228201,328201,0.1111111111111111,0,0,1,True,0,0,3,15,1.0894417762756345,1.628875732421875,5f09c0070d1e008857944b1ac051b852fedbeeeea216e583a32319ab08049682,False
r3,competitive,228202,328202,0.2222222222222222,0,0,2,True,0,0,3,14,0.6572246551513671,1.238107681274414,f2d323326239337ddab2b97e29e6e5f09ed5cecd1322eb3baea707760972b181,False
r3,competitive,228203,328203,0.0,0,1,0,False,0,0,4,4,0.39045810699462896,0.5598068237304688,b4c055f2d619bab3a6f617fd299a7a0c6c7b9559146c89ff8e2f291a3f18fbd6,False
r3,competitive,228204,328204,0.2222222222222222,0,0,2,False,0,0,2,13,0.6010532379150391,0.7088184356689453,9a290fbbf5670c874d422a0b6d610a586445f38162cc009a4fa0b07bddc21454,False
r3,competitive,228205,328205,0.2222222222222222,0,0,2,False,0,0,2,5,0.7380008697509766,1.2960433959960938,80e9684380d59f482d42a47f6f4b5793dbe820144f729d8eee535c24d3fc5c02,False
r3,competitive,228206,328206,0.2222222222222222,1,0,7,False,0,1,1,4,0.7520914077758789,0.8161067962646484,2568ea58939f0332f8a8c598ebc809a2384f066f674c93c250420e5b75114339,False
r3,competitive,228207,328207,0.1111111111111111,0,0,1,True,0,0,2,4,1.487112045288086,1.7910003662109375,d15a66f146bb7e97a58e08499cda63f9d3b1bec48391270bd22917fdc36441f0,False
r3,competitive,228208,328208,0.1111111111111111,0,0,1,False,0,0,4,6,0.6985664367675781,0.7841587066650391,45de0f6a69a80f1659792bf56a674c759478a55676d2d6806be0a4f8cbad7b96,False
r3,competitive,228209,328209,0.2222222222222222,0,1,2,False,0,0,2,6,1.1267304420471191,1.461029052734375,75e3f1644bf39c08900d6b3bd5ca1e13cd2db28bf7340231eca7b630f3b79f0b,False
r3,competitive,228210,328210,0.2222222222222222,0,0,2,True,0,0,3,13,0.70573091506958,2.546072006225586,41ab559b5c1305651e466c7276ae8e211bf857fe55f859db0cb0fea506c50ea1,False
r3,competitive,228211,328211,0.2222222222222222,0,1,2,False,0,0,3,5,1.1940956115722656,1.7461776733398438,7cf45e062c74ca7332ee5e4bcc4d92a8ea91a5b00c74f231a8dcb164564bf36e,False
r3,competitive,228212,328212,0.0,0,1,0,False,0,0,4,4,0.5032777786254883,0.7157325744628906,d4da3b0fc026162ab0ad06440d44ac896b433758b084376c5eea98bb96415ec7,False
r3,competitive,228213,328213,0.3333333333333333,0,0,3,False,0,0,2,0,0.7292628288269043,0.8828639984130859,c1680289b272c5f947662f9a8c993b6c255d4e23a99804895a9141543eaefd42,False
r3,competitive,228214,328214,0.1111111111111111,0,0,1,True,0,0,4,4,0.9622097015380857,1.2569427490234375,c396d1f788f40415df086b36f869af7af87a52ad7871b6be69be479c9dbc3088,False
r3,competitive,228215,328215,0.3333333333333333,0,1,3,False,0,0,2,3,0.8688807487487791,1.1491775512695312,6059c3d42d2c2685972b971f9a42bd9b2df0f32a3782a591d4bab6437169f7b2,False
r3,competitive,228216,328216,0.0,0,1,0,False,0,0,4,2,0.8283853530883776,1.0390281677246094,8cd332b34e240bda0e9f0b326593ef0e82a85da25c0e2ae90cb3507a3c1724d1,False
r3,competitive,228217,328217,0.3333333333333333,0,1,3,False,0,0,2,5,0.6863355636596679,1.2021064758300781,0dbc70cc9ba461a9e39028f9eebb0f27ac4415a561be06affe5ccd4a10829429,False
r3,competitive,228218,328218,0.2222222222222222,0,0,2,False,0,0,3,1,1.081395149230957,1.2202262878417969,f9f1465cc838b222dc5cdb535f24f9b21827ade6381aeef7a6e9f3ec2e2b054d,False
r3,competitive,228219,328219,0.0,0,1,0,False,0,0,3,8,0.8592486381530762,1.207113265991211,8c19815c40aa57f4f977a3c8f7c2415a1cce8d316c968b6a954246d0f0a22303,False
r3,competitive,228220,328220,0.1111111111111111,0,1,1,False,0,0,4,0,1.1904239654541016,4.227161407470703,06d2c5fe5224d3e9110555a682c21c01e2a8561971aefdfeb580665f3fad67b7,False
r3,mixed,228601,328601,0.2222222222222222,0,0,2,True,0,0,2,62,0.500214099884033,0.7181167602539062,4b190ff1022e2d48fe148598838f43f32ef1c36efc9795129381152be6e063c6,False
r3,mixed,228602,328602,0.1111111111111111,0,0,1,True,0,0,3,8,0.47116279602050776,1.6918182373046875,a694411e7be867ed6c908e90f89459ca3a3e5dd46c421426c235023317f8274f,False
r3,mixed,228603,328603,0.0,0,0,0,True,0,0,3,6,0.6677031517028803,1.7693042755126953,5e90db2353ea930d1f2560d229b52599dcf732580954043b53fb73363d4b40fb,False
r3,mixed,228604,328604,0.2222222222222222,0,0,2,True,0,0,2,20,0.5074143409729002,1.6028881072998047,d66de9ad7e52c483dbccd17ce29218edd50dac665722807c9d6926d94a7b44c3,False
r3,mixed,228605,328605,0.4444444444444444,0,1,4,False,0,0,2,7,0.4401087760925293,0.5948543548583984,d4208d5bf98df6344ea373d6dcf6d1aa752d7f3a0dca51464570f82b6b2d593c,False
r3,mixed,228606,328606,0.1111111111111111,0,0,1,True,0,0,3,11,0.5230188369750975,0.8058547973632812,e889f72dad25c6b2abac6a48938977ea04368b0c6b8833e00e8289070e4b64d5,False
r3,mixed,228607,328607,0.2222222222222222,0,0,2,True,0,0,2,9,0.6836056709289546,1.0669231414794922,bc6c112da34bfbc2ee3ea8259382b5d290e825cd404035032961e7c4d45f356f,False
r3,mixed,228608,328608,0.2222222222222222,0,0,2,False,0,0,3,12,1.1419057846069334,1.4955997467041016,c1914c42b389446c5bdb9ab7edb9167508769fc13ac45f06d6058d32b3908b54,False
r3,mixed,228609,328609,0.2222222222222222,0,0,2,False,0,0,3,10,0.7206201553344727,1.9772052764892578,f6a0240674af2d1b3cc8b765a99ae0a2e84ce0e1c5c0a2b16089f99367a61ac4,False
r3,mixed,228610,328610,0.1111111111111111,0,1,1,False,0,0,3,6,0.5459785461425781,0.6101131439208984,4b0d52868ea04d967bbea9ce51af49fc295bf9b739c36f8020d7d1c62c920ead,False
r3,mixed,228611,328611,0.1111111111111111,1,1,6,False,0,0,2,14,0.5761623382568358,0.8161067962646484,e62745d36ab2a035c9eeba7b8918d7a215f22abf87de467555fea9f4f57390b0,False
r3,mixed,228612,328612,0.1111111111111111,0,1,1,False,0,0,2,11,0.5571842193603513,0.7290840148925781,a34e2120b0f248e98a6e2d4c1023e4ca319901e887250fc3d0e98ad1a609f2dd,False
r3,mixed,228613,328613,0.2222222222222222,0,0,2,False,0,0,3,10,0.8981704711914061,1.043081283569336,aa5b025e6723371d0430d99879d99ef70030123a9eb71f69cd42b5520c9aeed1,False
r3,mixed,228614,328614,0.2222222222222222,0,0,2,True,1,0,1,3,0.731241703033447,1.129150390625,3a7054112d3fb3c58b2efdb42bff200a69ac4c05cb89732752840182ab9777dd,False
r3,mixed,228615,328615,0.3333333333333333,0,0,3,True,0,0,2,6,1.046895980834961,1.3027191162109375,807f65627c26ba1778941ffb2e979615df501911f20a081253a78cbb7d59dc74,False
r3,mixed,228616,328616,0.5555555555555556,0,0,5,True,1,0,1,8,0.89360475540161,1.474142074584961,67691ce7cd96ae2f58d1fbae7c988d6bc7406367dc8a6ee34ffcf8e3b1b62ea3,False
r3,mixed,228617,328617,0.0,0,0,0,True,0,0,3,7,1.0070085525512693,1.6040802001953125,8cb291f6bfce4951884d7daebb7c34c235a211d4d98309c19077590d58be165a,False
r3,mixed,228618,328618,0.1111111111111111,2,1,11,False,1,0,1,8,0.3719329833984375,0.4458427429199219,345b7d254662f36cd3621e1ba7bc8f9d3529c0d0b825dd82c140e23e0974e381,False
r3,mixed,228619,328619,0.3333333333333333,1,0,8,True,1,0,1,20,1.5504479408264158,2.05230712890625,e1868789322fd8eec487ee0c903ffbf7a70ff7acf09d5992b8105c83d7e67f4e,False
r3,mixed,228620,328620,0.1111111111111111,0,1,1,False,0,0,3,2,0.5066871643066406,0.5359649658203125,5b4588ac4dfe7718484efd8f7231222d0dfe8feb9119b5a8d6f5684e2be9e2cc,False
r3,peaceful,228101,328101,0.1111111111111111,0,0,1,True,1,0,1,47,0.8563280105590817,2.4192333221435547,5a8b888296a609336b387709e12c9ebca94674b3ff41ac45f279067a1103dbd8,True
r3,peaceful,228102,328102,0.1111111111111111,0,0,1,True,1,0,1,2,0.8655905723571772,1.4297962188720703,ed308cf659414e1ac7006033685a5a16e3fcfa4daa62747b2ae4edb1c128576d,True
r3,peaceful,228103,328103,0.0,0,0,0,True,0,1,1,4,0.7303833961486813,1.3670921325683594,95bc175c16c502e84bf75a6d5c212481c61bf7d6ff40c51a07f73a51c78a0719,True
r3,peaceful,228104,328104,0.3333333333333333,0,0,3,True,1,0,1,7,1.2506127357482906,3.2668113708496094,dcec50b3fcaadac54671dbb6b348ffc265bf0cf6c727ba854c230d2c30f04fa5,True
r3,peaceful,228105,328105,0.1111111111111111,0,0,1,True,1,0,1,0,1.001179218292236,3.871917724609375,eb24a4eb3d82106de4d8f73c11adb17647965e8feb4349273015bb325591aa30,True
r3,peaceful,228106,328106,0.0,0,0,0,True,0,1,1,1,1.0934829711914051,1.7960071563720703,5167473727e3fcb8ef017efdedaf603dfd5c57d9019af4926b078bd480e77654,True
r3,peaceful,228107,328107,0.4444444444444444,0,0,4,True,1,0,1,2,1.5034914016723628,2.329111099243164,5d0cfabb546be16a348f683f60ba92a3121d7de918ea37141c918784d6f8416d,True
r3,peaceful,228108,328108,0.5555555555555556,0,0,5,True,1,0,1,50,1.9616842269897419,11.574029922485352,53c8eb669062658bef07f1f7460b4de645cdc921834d719019c671f582a05f6c,True
r3,peaceful,228109,328109,0.1111111111111111,0,0,1,True,1,0,1,2,1.305997371673583,3.123044967651367,6c735437f1108d99aca400b28dcae470f4c40a50dd04cb58a128c22bdd139286,True
r3,peaceful,228110,328110,0.0,0,0,0,True,0,1,1,2,0.8904576301574705,1.5177726745605469,a08cdfdd213c8b936cf48fd7c062c0165c42a3fee59548d29316fc56fc056999,True
r3,peaceful,228111,328111,0.3333333333333333,1,0,8,True,1,0,1,7,1.0094642639160154,2.974987030029297,1b0d637d41932b5969388b4438c6db8340e9999d002ad749dc7925c5cc6f4bdb,False
r3,peaceful,228112,328112,0.1111111111111111,0,0,1,True,1,0,1,0,0.9825468063354488,1.9621849060058594,e18008603b70654289474b7adceac7265d1dd44b9484562afef88151c4cf2b41,True
r3,peaceful,228113,328113,0.2222222222222222,0,0,2,True,1,0,1,2,1.4436960220336905,2.2699832916259766,b11e71e0f4268488aa1653200a299c717b012a2611c5d51322e1262e33bc2f19,True
r3,peaceful,228114,328114,0.3333333333333333,0,0,3,True,1,0,1,7,1.5243649482727046,2.8421878814697266,0b27ca90ce0aba27408d154422b073cbc56a01a90f5ac7133d891207cd9648a0,True
r3,peaceful,228115,328115,0.4444444444444444,1,0,9,True,1,0,1,32,1.0123610496520992,1.6179084777832031,06fff16babc41e9fb77de1b9285d144414104091cfe48c422c9e8b12873a30f2,False
r3,peaceful,228116,328116,0.7777777777777778,0,0,7,True,1,0,1,18,0.715219974517822,0.8990764617919922,dcd1d686dabdee46a6e20defc4e695cfe6ded0911b82d3bbd3ac9fb3afb419f9,True
r3,peaceful,228117,328117,0.1111111111111111,0,0,1,True,1,0,1,3,0.4841446876525877,0.8177757263183594,8aceb4a3ec02b5f2664c225b16a3a63fe1035869ecaf255b9c5b655565f0dcfb,True
r3,peaceful,228118,328118,0.1111111111111111,0,0,1,True,1,0,1,1,0.4029750823974609,0.4811286926269531,b5da20c8a4bae1693992ddbf54b1db57622bb397b903b41048106463cd92e029,True
r3,peaceful,228119,328119,0.0,0,0,0,True,0,1,1,3,0.32901763916015625,0.5660057067871094,5bb726bfd3fb0ccf7bfbaea30f58df2357ac702b63dd1379be6dae4412c2df5c,True
r3,peaceful,228120,328120,0.3333333333333333,0,0,3,True,1,0,1,13,0.4697918891906733,0.6530284881591797,ad0f827d8cb33801c1788f50ce7d83fd2428a005393ca93e8eac1fc1df8ad0dd,True
r3,classic,228301,328301,0.4444444444444444,0,0,4,True,,,,6,0.247955322265625,0.35309791564941406,9e83ae3f006a91971b70e330e91d80c568624143da855d8dd0da5fa4d650b647,True
r3,classic,228302,328302,0.5555555555555556,0,0,5,True,,,,11,0.36293268203735346,0.44989585876464844,45de88779d6218cfd826dbaadffc5b1dba1e42dab0a0ad00bb59526c3ae89b19,True
r3,classic,228303,328303,0.1111111111111111,0,0,1,True,,,,2,0.17830133438110332,0.3910064697265625,78fb4ab7acbf8ff296e57ebea0f41bad3ac9e0eb74c32fa41c5c40c3e5a20aa9,True
r3,classic,228304,328304,0.0,0,0,0,True,,,,0,0.13709068298339844,0.3941059112548828,7ada772618c911783c1be892e61e07f47e277d877daf26bd5c2b8c79e9f27096,True
r3,classic,228305,328305,0.2222222222222222,0,0,2,True,,,,6,0.2528429031372069,0.4889965057373047,9e613a2fa8419357af983a836cf1b1179fd4fdcad4cdc9c3994f856feb12419e,True
r3,classic,228306,328306,0.2222222222222222,0,0,2,True,,,,11,0.21140575408935533,0.4553794860839844,584de25cd56b1ca49f2bd48f40cc7b3bd0e79054349d9a747691a8f805f54342,True
r3,classic,228307,328307,0.2222222222222222,0,0,2,True,,,,14,0.1848936080932616,0.4019737243652344,8baf71440ce632594f975251a8c58d7acc5714dbd25ef662282ea81655d28330,True
r3,classic,228308,328308,0.1111111111111111,0,1,1,False,,,,1,0.21947622299194328,0.3771781921386719,623a096086e7ee688c3dc141d07a1099283943b78d8aa6df55fb883eb568687a,True
r3,classic,228309,328309,0.1111111111111111,0,0,1,True,,,,2,0.18001794815063477,0.3876686096191406,3778893dd7851413d68bf5e5eab96627189f1c058899b8bf9670a900ff8d7866,True
r3,classic,228310,328310,0.0,0,0,0,True,,,,110,0.1549839973449707,0.37598609924316406,385d95e7a3ca6b04b5364b1b53c77d5958946165c2837b61849781aac4a5a247,True
r3,classic,228311,328311,0.2222222222222222,0,0,2,True,,,,2,0.17313957214355463,0.3800392150878906,b6c94332993ad8e7674fa582b4a2a5fb794e5a5ba9d11f0f463cf25da9dcfe41,True
r3,classic,228312,328312,0.0,0,0,0,True,,,,53,0.17501115798950195,0.37479400634765625,1c09bb3f0142d30788d8759268cf0c350d3d5615b15f25b3236fd5106b7af80b,True
r3,classic,228313,328313,0.1111111111111111,0,0,1,True,,,,30,0.2170205116271972,0.453948974609375,cb19270227c5b069adfeb45c0db0d228b1367bca2abab064f4ec22fdc958aa9a,True
r3,classic,228314,328314,0.0,0,0,0,True,,,,54,0.21318197250366208,0.5319118499755859,2e032f8c097d36b0482000c2fc2e985adabd61e7e03e874a7b5bc3f25ee4509c,True
r3,classic,228315,328315,0.1111111111111111,0,0,1,True,,,,0,0.2418279647827148,0.6608963012695312,bc9d6263792506f68af8dd001f326b11f220095456789b7febca9dcfcfa005a0,True
r3,classic,228316,328316,0.0,0,0,0,True,,,,3,0.26925802230834955,0.5121231079101562,8503d7a368de0db217c336eadb1f75df6352122e4b3c04d9f40a7ae53e12db55,True
r3,classic,228317,328317,0.4444444444444444,0,0,4,True,,,,3,0.3210186958312987,0.4971027374267578,6395f6f6705487f6f17cacfe3b334e81dce20aa6d8b472989991e1953be98534,True
r3,classic,228318,328318,0.1111111111111111,0,0,1,True,,,,1,0.2684116363525389,0.5466938018798828,928428da9fea29e01589cb30d9fa18cc552cf89533d220f7ae008d783465d70f,True
r3,classic,228319,328319,0.2222222222222222,0,1,2,False,,,,3,0.394284725189209,0.5362033843994141,5831899c0a6390bb2636cb6258cdb8614b3b63b2afa2a9582d6720fdd8182267,True
r3,classic,228320,328320,0.1111111111111111,0,0,1,True,,,,0,0.23821592330932614,0.5247592926025391,3c5c06ae5365e796fe2e4d524103e1eba20a5d1b81b3d985456923a8178a079b,True
r3,coin-heaven,228401,328401,1.0,0,0,50,True,,,,0,0.5128145217895508,0.7369518280029297,dabd49032bd36083229a248dd885fa15e295276441c811692577ee705fb19620,True
r3,coin-heaven,228402,328402,1.0,0,0,50,True,,,,0,0.44492483139038125,0.7543563842773438,f8058785096a78cf22ec63e3b90422f5652d4a778d26968aa5801e56a897dee7,True
r3,coin-heaven,228403,328403,1.0,0,0,50,True,,,,0,0.41823387145996094,0.5049705505371094,727361e1fd3271789b18bb4799b2a99e6bfe03c78f8e3744419be366c3c37a65,True
r3,coin-heaven,228404,328404,1.0,0,0,50,True,,,,0,0.4246234893798826,0.4730224609375,d328abea43fd04d39edcefe43cf3d60a2a1fcfc65b1f7b444751fd90965e5f34,True
r3,coin-heaven,228405,328405,1.0,0,0,50,True,,,,0,0.2964973449707031,0.4169940948486328,286fc96a8637e1469a5e8b371401a3e7d1273e40263e38def79c7363af130a6b,True
r3,coin-heaven,228406,328406,1.0,0,0,50,True,,,,0,0.20015239715576172,0.35190582275390625,71e547683114cfa42a142ad216e3cb292c5beb36515dd1ff313d426b1828d247,True
r3,coin-heaven,228407,328407,1.0,0,0,50,True,,,,0,0.2049922943115234,0.3609657287597656,9e0d35d98461244f039f85c5b4ac96c7b26cbddcddb771f038b6f7fff74fd2aa,True
r3,coin-heaven,228408,328408,1.0,0,0,50,True,,,,0,0.6443381309509274,0.8599758148193359,cfaf0c022961bf2555e8468af3e26ea39844a73a67fd40086467271410c170ce,True
r3,coin-heaven,228409,328409,1.0,0,0,50,True,,,,1,0.4288196563720703,0.8089542388916016,630601516b9b8716cd555f61e554e010514f66a914e493581c6c7664a744d736,True
r3,coin-heaven,228410,328410,1.0,0,0,50,True,,,,0,0.47042369842529286,0.7617473602294922,717619a5036a93c617cb7450a3929f0c57e5b9803cc6ed7120e9e2b0723bc80b,True
r3,coin-heaven,228411,328411,1.0,0,0,50,True,,,,0,0.4391908645629882,0.8089542388916016,b6abac21080467d9632a574383aa8242f54a1dad273416b868b856a779bda3d4,True
r3,coin-heaven,228412,328412,1.0,0,0,50,True,,,,0,0.3674030303955077,0.47278404235839844,af16b7fcc0487cc0ba50ab4e9e88e70217401495d77180f30fb53673d5f7b510,True
r3,coin-heaven,228413,328413,1.0,0,0,50,True,,,,0,0.28743743896484325,0.5321502685546875,92962aef5460899296db1dd2c40bf0a9aa86534b6f84d531c45baebc50d0fc21,True
r3,coin-heaven,228414,328414,1.0,0,0,50,True,,,,0,0.5039691925048828,0.5528926849365234,719ca6b64f554a5d2ef10a6b52bc6086ac1eee7badfedbcb2c20f5f7834f78d4,True
r3,coin-heaven,228415,328415,1.0,0,0,50,True,,,,0,0.6977558135986328,1.155853271484375,bb4f8a1ad4016551621b68a442b6a076e434d97002ca8d156233c8b1ba37f204,True
r3,coin-heaven,228416,328416,1.0,0,0,50,True,,,,0,0.6286501884460447,0.9107589721679688,99a3821dc0200d637ea6fb6e183cb57a020be5a8dab52fb95da90e505258b287,True
r3,coin-heaven,228417,328417,1.0,0,0,50,True,,,,0,0.6825923919677733,0.9529590606689453,d8b9fa6fec9c6682f9f039fae724701a1eb2baa3db27bd95080142f778675a22,True
r3,coin-heaven,228418,328418,1.0,0,0,50,True,,,,0,0.9842157363891588,1.4371871948242188,1dfbccb31bd0f41a09caea0c3ea38a8b51421c0a7253a302bd2c2909864b242c,True
r3,coin-heaven,228419,328419,1.0,0,0,50,True,,,,0,0.35090446472167947,0.5509853363037109,fd83e3418228a35c93180e9ed99718b088ac7384c907f331c66eba9bb81ebe6f,True
r3,coin-heaven,228420,328420,1.0,0,0,50,True,,,,0,0.5864858627319335,0.8997917175292969,ad3e4db02ca22f6f03f1626c2bbc4201a2805a5b51e124b34f653de4b8c0d429,True
r3,loot-crate,228501,328501,0.16,0,0,8,True,,,,2,0.9984612464904783,2.228975296020508,8090bd6cc897dc8bd4d83b7041c0ed873a40e3218849f3b9bda99354cb4a40a2,True
r3,loot-crate,228502,328502,0.02,0,0,1,True,,,,54,0.5934119224548333,1.313924789428711,2e5c1dcaff04a239e85ffec22efeb647108540355312f73f9b623f70b5a23621,True
r3,loot-crate,228503,328503,0.04,0,0,2,True,,,,2,0.6877303123474113,1.1050701141357422,e308f49ebc5b26d6af90c7f846868984bd5cf55a303e0e1a528e6018598c3090,True
r3,loot-crate,228504,328504,0.44,0,0,22,True,,,,23,0.8106827735900874,11.652708053588867,0a56380a0468ad601bbb8a259c56068c99fcfa22ecd33b43fef017f29a4a0be3,True
r3,loot-crate,228505,328505,0.14,0,0,7,True,,,,1,0.7981896400451658,1.4071464538574219,859d72396d627269b3ba6f71201a1bd7104326e59b131e4fc3ba2d17fb1e7044,True
r3,loot-crate,228506,328506,0.28,0,1,14,False,,,,14,0.7569193840026855,0.9949207305908203,d69866156e91c4954e8760453936993eb0dadda656c6ee840fdb102a138fd8e7,True
r3,loot-crate,228507,328507,0.04,0,0,2,True,,,,3,0.7406949996948237,1.1889934539794922,3b8403f9c09ba17c7f2ac31d49a21ec361f35d567724ee1fbbbe73e4848428cb,True
r3,loot-crate,228508,328508,0.12,0,0,6,True,,,,3,0.4417896270751953,0.6949901580810547,0c8b9a8bbfed1d2b2218a2c6bf784e5c22efc8c33f3efd41ecef8aa084013177,True
r3,loot-crate,228509,328509,0.18,0,0,9,True,,,,4,0.23298263549804682,0.4570484161376953,6d21cc5e6100abdfa49b13d854037574b6e2c6ef633688132cd370246ae87304,True
r3,loot-crate,228510,328510,0.14,0,0,7,True,,,,1,0.4008293151855468,0.7257461547851562,ab7db850b2af0d9accb8247e78da0f0d4821a6eae4f55b5e0ed6df6a71e9157b,True
r3,loot-crate,228511,328511,0.34,0,0,17,True,,,,11,0.24299621582031244,0.4401206970214844,eb43557101659d1db273f67583f34d8effd6a5754acc8d738d85b33296583119,True
r3,loot-crate,228512,328512,0.06,0,0,3,True,,,,0,0.1308917999267578,0.31876564025878906,1716bd223bbc4d17bcff7a0e3f07b164482f7fd0d9e6cc5080786705c794c318,True
r3,loot-crate,228513,328513,0.04,0,0,2,True,,,,1,0.14523267745971677,0.3440380096435547,46d75caa92c6c81959067b41f6adf03858ab31c34b17982c7f991962bb5528be,True
r3,loot-crate,228514,328514,0.06,0,1,3,False,,,,1,0.2115964889526366,0.4069805145263672,0050d34db4af403111dbd48350ce430ae8ea127bc0ce9da06fa227647f5ab901,True
r3,loot-crate,228515,328515,0.58,0,0,29,True,,,,9,0.31815767288207997,0.4799365997314453,c827c0ec536b85999c477475a4c7cd49e78cce576d7cd68e0be14e9c11e780d7,True
r3,loot-crate,228516,328516,0.14,0,0,7,True,,,,4,0.14427900314331052,0.3509521484375,09d1f5a9a0e86dc5aa24893f4ee9cefacc3502ea64ee4aa648312d77013708e3,True
r3,loot-crate,228517,328517,0.02,0,0,1,True,,,,1,0.1628398895263672,0.3418922424316406,d09a11f7ca79acce9929acdd3c609c953189540921df020a1c3e9d9b289ccb39,True
r3,loot-crate,228518,328518,0.32,0,0,16,True,,,,8,0.18814802169799802,0.33211708068847656,39d3910310535e8343152f032885c4f8358bb9d605bba8b8415b1fedfb4da6bf,True
r3,loot-crate,228519,328519,0.0,0,0,0,True,,,,0,0.15997886657714844,0.3447532653808594,59ad26b614cc2d341994844e101c5c0ca00fcb5e8767517aeb99ed9435a7836f,True
r3,loot-crate,228520,328520,0.3,0,0,15,True,,,,4,0.20582675933837885,0.34427642822265625,b40af67aeef5e4613273350ed89d20b77614db1a583b21ee1bfd0bda8d7527c6,True
r4,competitive,228201,328201,0.0,0,0,0,True,0,0,4,7,1.8361091613769531,2.2368431091308594,da93c95e5601572b62ead9e0ce1b45203060049490a456e93f4db28c9f71ea98,False
r4,competitive,228202,328202,0.2222222222222222,0,0,2,False,0,0,2,4,0.6046533584594725,0.7841587066650391,d8071f2df5c95c51f56badc2e1c3adb34d2fda10595608d78c44910ff96e7788,False
r4,competitive,228203,328203,0.2222222222222222,1,0,7,True,1,0,1,4,0.7072925567626952,1.3968944549560547,a2d277e10ba06e5a5e113494c9686841e03118fd8ef9ba1ec9491d1772990e96,False
r4,competitive,228204,328204,0.0,0,0,0,False,0,0,4,2,0.9931683540344235,2.454042434692383,b6b14086d50172988c9d7df8703c1beae9728fe1bf6d2a044ca5a063c2a2ba0c,False
r4,competitive,228205,328205,0.1111111111111111,0,0,1,False,0,0,3,28,1.9251823425292962,3.662109375,6a1b1b5b291e1c18a326de0823211e8992cf91f97874af1ff44e66ee80808a44,False
r4,competitive,228206,328206,0.3333333333333333,0,0,3,True,0,1,1,7,2.1777033805847146,3.275156021118164,1d7f5b03b4fd669301dc3fdde04f593dd6387010864a49a636372e4d49b396cc,False
r4,competitive,228207,328207,0.1111111111111111,0,1,1,False,0,0,3,10,1.931285858154296,3.139019012451172,6846f13ea3016a9ccfb4e79917b827325740de272be0ff3c811ed6280676f06c,False
r4,competitive,228208,328208,0.2222222222222222,0,0,2,True,0,0,2,6,1.481378078460693,2.9687881469726562,4a501de4f0638b093e3f5cab04ff6f57465ef485c5bbade9faf68b8e10506635,False
r4,competitive,228209,328209,0.1111111111111111,0,1,1,False,0,0,4,11,2.5453567504882812,3.9949417114257812,1cb1166405bd293c8c1c379e771b7b466700f0184487872ee4176bcedfbbb609,False
r4,competitive,228210,328210,0.4444444444444444,0,0,4,False,0,0,2,16,1.9256591796874998,3.857135772705078,ae7e77689af5c9a65b3e85e22d466698763b88c485f60b62f5ee2553fba16db1,False
r4,competitive,228211,328211,0.3333333333333333,0,0,3,True,0,0,2,4,1.5876412391662584,3.242015838623047,b4aacba43a4e3defb522b5ea4ae0c200c362a80ba1dd78164184924a32d0b91b,False
r4,competitive,228212,328212,0.1111111111111111,0,0,1,False,0,0,4,4,1.7930150032043455,2.807140350341797,f53b709a9c03a897512ef6357effd9ea0b1c5efa99efac838a039a609fedf333,False
r4,competitive,228213,328213,0.2222222222222222,0,0,2,False,0,0,3,7,1.67255401611328,2.4890899658203125,15e7e1ea447253e9ebb1839b680f26ffe68b7fd159b1d6c115355250ca8fad2b,False
r4,competitive,228214,328214,0.0,0,0,0,False,0,0,4,3,1.3204097747802734,2.2542476654052734,eebf4c6f03987aef622ab5f58d7e68224d308c57eef384a546f8b9252416133b,False
r4,competitive,228215,328215,0.1111111111111111,0,1,1,False,0,0,3,1,0.46525001525878906,0.6661415100097656,54ae569b893ddf382d7f9bda7deef58cf92ba9dcd3b40e85a79a070128532d9d,False
r4,competitive,228216,328216,0.0,1,0,5,True,0,1,1,7,0.8630514144897459,1.1429786682128906,28aba4dbc1d92cbd120b4b1962496711459215095589f6c6b7ccbb9fbbbd6414,False
r4,competitive,228217,328217,0.3333333333333333,0,1,3,False,0,0,2,5,0.5500912666320801,0.659942626953125,5de1ca021b872e167970e2a1f2ea1ab8d8c48be1b00de7fedd14dead9f0342e6,False
r4,competitive,228218,328218,0.2222222222222222,0,1,2,False,0,0,2,7,0.5379199981689452,0.63323974609375,9a919af1e882ea8a8cffe9e6f69a1e751f9736e0e064a2c1e6ada1333b11c0d2,False
r4,competitive,228219,328219,0.3333333333333333,0,0,3,False,0,0,2,13,0.4873275756835937,0.7233619689941406,4d5125e287641bd67ed96516aebb2362aa09e66a6ddd7865fab7ce790da4f0a1,False
r4,competitive,228220,328220,0.1111111111111111,0,0,1,True,0,0,3,13,0.887179374694824,1.0061264038085938,a6a036ea1a39a49351d0e828aa19d569915285d6ea95b103c9348a3b8d3f1163,False
r4,mixed,228601,328601,0.3333333333333333,0,1,3,False,0,0,3,7,1.3520479202270508,2.359151840209961,f96a136adcf8c6a4f7dd668d7b53915a1bcaa612a5be8cdb03a09a284ba5c344,False
r4,mixed,228602,328602,0.0,0,1,0,False,0,0,3,5,0.5737304687499999,0.6439685821533203,aa8a4f916a94886a71aa1e4bd876545baf60eba516b1b450dbc3d0fe278776aa,False
r4,mixed,228603,328603,0.2222222222222222,0,1,2,False,0,0,3,14,0.943207740783691,1.2938976287841797,480638e4094cbfee22b63e78399308668f1aed890a6e0c1deda66435bbc2c931,False
r4,mixed,228604,328604,0.1111111111111111,0,0,1,False,0,0,3,7,0.8887290954589842,2.473115921020508,f6c9ad913a729b4455328164b08850ed1602333ecbbace04458eb0e38f67ccd4,False
r4,mixed,228605,328605,0.2222222222222222,0,1,2,False,0,0,3,9,1.3745427131652832,1.6889572143554688,e3e18445c59afff312747249d5a6679c0d0219a615081a08ad101346951515ea,False
r4,mixed,228606,328606,0.0,0,1,0,False,0,0,3,3,0.6303787231445312,0.8039474487304688,b08cfd8edcf13cc3f7c88f22637bb543f51e34cdc134a5df0ef1b85ffd8b0feb,False
r4,mixed,228607,328607,0.1111111111111111,0,0,1,True,0,0,3,15,1.1253237724304195,2.880096435546875,d728288896b1d06e5b9b2a090b882d324d5a137c496473ea5ec7965863c914b9,False
r4,mixed,228608,328608,0.2222222222222222,0,0,2,False,0,0,3,12,1.6169071197509761,4.00090217590332,c63e893e48ef4cb4ea0453f9f31de446d6e36ad9dc234fccc5d38eab1777a7fe,False
r4,mixed,228609,328609,0.2222222222222222,0,0,2,False,0,0,3,3,1.5699386596679683,2.516031265258789,33fa61b202f623b61bac58cc6602ebe4b9ec4273a84abf11964ee498b6bbbc76,False
r4,mixed,228610,328610,0.2222222222222222,0,0,2,True,0,0,2,10,1.56029462814331,2.7151107788085938,b759f10132029168c95275527bbbdee8a416840145d9b60421b0d3727a7862b9,False
r4,mixed,228611,328611,0.0,0,0,0,False,0,0,3,5,0.8531808853149414,0.9648799896240234,925f45b48cba59cc8af1fa71b36ee02dc95258c45d601ce8d48fb6a72f80f723,False
r4,mixed,228612,328612,0.3333333333333333,0,1,3,False,0,0,2,9,2.135372161865234,8.410930633544922,4b69cbccf02e92e602b5abf0984d2f589d83986ea44df4c7c4513e13abc3036a,False
r4,mixed,228613,328613,0.0,0,0,0,False,0,0,3,6,0.716090202331543,0.9639263153076172,103ae6df5cec60639d2f95f09526997cd4382d7b9b971f2f58d3f6abdc71bf00,False
r4,mixed,228614,328614,0.1111111111111111,0,1,1,False,0,0,2,3,1.922309398651123,3.4661293029785156,111f0b7b8bdc3cbe3514d0d3358d4adaefad03fec7f2088b8f65797748262885,False
r4,mixed,228615,328615,0.1111111111111111,0,1,1,False,0,0,3,2,1.2303113937377927,1.4200210571289062,c97bcdbc819f7959ad6ce6219e772e9ecca827e2e4c8406b39acfbc8916533cc,False
r4,mixed,228616,328616,0.4444444444444444,0,0,4,True,1,0,1,14,3.5708427429199205,5.661964416503906,202b92eaaa943bbd940e98d86f5a41bb012c2b4d033f86ca4a747d34895af080,False
r4,mixed,228617,328617,0.0,0,0,0,False,0,0,3,3,1.1203408241271968,1.447916030883789,1b9f1e7396c798f707a85c1784f273af5a3badb768d3a13728abfcfc4fd245fb,False
r4,mixed,228618,328618,0.1111111111111111,0,0,1,False,0,0,2,5,1.562607288360595,10.450124740600586,dadb414f2a48d96b8de7c2a65f2e1b4f460d338f341989937a825e2c7a204deb,False
r4,mixed,228619,328619,0.2222222222222222,0,1,2,False,0,0,3,4,0.5340099334716797,0.6411075592041016,12af584ad9f3b4616dd07622a291f9528a7498153edf171f7fc9f74555cde0db,False
r4,mixed,228620,328620,0.1111111111111111,0,1,1,False,0,0,3,4,0.4729390144348144,0.5061626434326172,c9b229087b1539e47261281a932ad78013c2873394c8219b9db4a54f8efc3361,False
r4,peaceful,228101,328101,0.1111111111111111,0,0,1,True,1,0,1,0,0.18405914306640625,0.41794776916503906,9fb9bcbecb7808fca8ca327b0076b065c276254a83d5068a08426b4766e556cc,True
r4,peaceful,228102,328102,0.0,0,0,0,True,0,1,1,0,0.2009868621826172,0.34999847412109375,47d644b942d123afbad9dbfc55e3c3a08e3a3f28ce7b0bf576eba4b03515a0e0,True
r4,peaceful,228103,328103,0.0,0,0,0,True,0,1,1,0,0.29206275939941406,0.4177093505859375,864ce0cad1dc926d92b30e849d7c6bbe8cb0ed820b7e60da6b12433cb5cc9685,True
r4,peaceful,228104,328104,0.0,0,0,0,True,0,1,1,54,0.18383264541625977,0.3349781036376953,fce4a993b3043a059832a22743fb213bbe97d84042e572dbb3f9e23c46a53e07,True
r4,peaceful,228105,328105,0.8888888888888888,1,0,13,True,1,0,1,10,0.28805732727050776,0.3829002380371094,7869a20a5747ca4198ce79d86a63f58fab6f2d8e7a7628250126236bbae29dc8,False
r4,peaceful,228106,328106,0.0,0,0,0,True,0,1,1,0,0.19788742065429688,0.3609657287597656,31b27092652ec97df563b6a510da1dd8c4b157f9d626ce46059cdf3d5d88a1cf,True
r4,peaceful,228107,328107,0.1111111111111111,1,0,6,True,1,0,1,4,0.2671360969543456,0.4291534423828125,3c393abb45e120bfd85c114b75b0f4f8dd74df6ac41df25581de242a97ebf0db,False
r4,peaceful,228108,328108,0.1111111111111111,0,0,1,True,1,0,1,2,0.1970887184143065,0.34999847412109375,392e36c196fb445d0c87b0560f5ca30245269ea0026a13bb3322a22f0a02f9c6,True
r4,peaceful,228109,328109,0.7777777777777778,0,0,7,True,1,0,1,13,0.46997070312499994,0.5970001220703125,ac588c64af317aab866d337ae11a791d7f305708207f964851ae56f6790343ec,True
r4,peaceful,228110,328110,0.0,0,0,0,True,0,1,1,2,0.19288063049316406,0.5140304565429688,38ea08ec1782419e20402dc4136a59b2fa4f09341b48329335787120c30f686a,True
r4,peaceful,228111,328111,0.2222222222222222,0,1,2,False,1,0,1,0,0.26226043701171875,0.39505958557128906,23217e2cf29bfbce107d34348358e527f98234fde502cc52a95a6eb9c4317129,True
r4,peaceful,228112,328112,0.1111111111111111,0,0,1,True,1,0,1,3,0.2129197120666504,0.4000663757324219,a9e769714570fb65e81b95cdca3a13e9dfd4af4b175acd0621bfc078bd47992e,True
r4,peaceful,228113,328113,0.0,0,0,0,True,0,1,1,25,0.22605657577514646,0.37384033203125,dbc6508fb8e33dcd6e966bd1cd8f70965339e05bf972744df90498329fb7b9e2,True
r4,peaceful,228114,328114,0.5555555555555556,0,0,5,True,1,0,1,22,0.5151271820068358,0.6320476531982422,1c6116553a1dc425b89f87ed4cace233bf2be0594e9eb5ac91796156b059f04d,True
r4,peaceful,228115,328115,0.3333333333333333,0,0,3,True,1,0,1,10,0.33835172653198237,0.45418739318847656,20c9bf4e1e5306ad33810a9e1d771037c57490d95ab76eff033b2e5813e620ea,False
r4,peaceful,228116,328116,0.7777777777777778,0,1,7,False,1,0,1,11,0.4466772079467773,0.5922317504882812,aa796805b198b246cb6f83ff23526d4b94693cbe96209b859142e083581f9abc,False
r4,peaceful,228117,328117,0.2222222222222222,0,0,2,True,1,0,1,2,0.18883943557739258,0.3502368927001953,24f700c09f9b57da0789eb12008e48e4a3fa2b2af8dce6157ab59d5df9e99ea5,True
r4,peaceful,228118,328118,0.0,0,0,0,True,0,1,1,1,0.287187099456787,0.370025634765625,841982d7517df5c8cc7f7fa7a7a9fe406ca7ee549fb1f89968e34e44176ed67e,True
r4,peaceful,228119,328119,0.0,0,0,0,True,0,1,1,0,0.21723508834838864,0.3960132598876953,265119014efa62ca6984a1f49e4cd6893feb465cc7abf3f8663367ff04f27bb2,True
r4,peaceful,228120,328120,0.0,0,0,0,True,0,1,1,0,0.247955322265625,0.4076957702636719,5a49486b111e3603ad4453fd31d9e4d942f37e2adabe8c61e146a830e68bb499,True
r4,classic,228301,328301,0.6666666666666666,0,0,6,True,,,,11,0.2510547637939453,0.5369186401367188,c5cf4f11569dca0def88b3fcb6fe3472c288a73c2e926c915fd1faf221c1aaea,True
r4,classic,228302,328302,0.1111111111111111,0,0,1,True,,,,1,0.22488832473754877,0.5648136138916016,d3b893c5d8eab525e10813dba36f7d02c0f76e8cf5a6fb19a5561429dc787677,True
r4,classic,228303,328303,0.0,0,0,0,True,,,,54,0.19006729125976557,0.5249977111816406,08b2eec06f0abb5482b6da394f950391b40db1c53356c664ffe895dc06b178b9,True
r4,classic,228304,328304,0.1111111111111111,0,0,1,True,,,,48,0.2181887626647949,0.6678104400634766,dc48fe3eb3c2744b13330e0c3ceda1e629e496c8e50fdc02cf900da76efa3f60,True
r4,classic,228305,328305,0.4444444444444444,0,0,4,True,,,,37,0.5000710487365722,1.138925552368164,000a2dab0be5d670e7573e00a397597d2da4d4fe4675563795ae65cf42b530a0,True
r4,classic,228306,328306,0.5555555555555556,0,0,5,True,,,,3,0.30803680419921875,0.5109310150146484,7d7362eddc786c3cd7978592cc5cbeb2e98066cb2f39f995e9f8afa865fb0bbe,True
r4,classic,228307,328307,0.0,0,0,0,True,,,,0,0.25194883346557534,0.45990943908691406,552e1ae3eb6f53850040df986b921d6950f974a462fbbf71689812629debc0f7,True
r4,classic,228308,328308,0.1111111111111111,0,0,1,True,,,,2,0.2901792526245115,1.135110855102539,e6886cbef2efc246aa41749f6b68fc60ea8dbdba10b39ba8934360c6882244d7,True
r4,classic,228309,328309,0.1111111111111111,0,0,1,True,,,,2,0.6641626358032214,1.3730525970458984,f6d6fab6554119bb434ca5af08b0aa8d8cb8f412d2bcdd59a9531a83dc0626ab,True
r4,classic,228310,328310,0.0,0,0,0,True,,,,52,0.5321860313415527,1.6939640045166016,46e3d6724998b9dc85ea74a855ae208db807707b9026e8d83ea27f5781d3c779,True
r4,classic,228311,328311,0.1111111111111111,0,0,1,True,,,,2,0.5695462226867671,1.2788772583007812,8de800daa7e1e8bf3d73e7c3e103a0e342173505da212a328c00628c43ec6463,True
r4,classic,228312,328312,0.2222222222222222,0,0,2,True,,,,6,0.7758140563964844,1.6262531280517578,77d442c84d68fd48c276c9a2796da09fcc552da0333ec8c614e122aa544d4296,True
r4,classic,228313,328313,0.0,0,0,0,True,,,,2,0.5801200866699219,2.9540061950683594,ff049895348c6944fa2c27e5f3353e2c3f24855ea44692b3e44d78ab9ee7b7a6,True
r4,classic,228314,328314,0.0,0,0,0,True,,,,54,0.36903619766235335,0.6430149078369141,d7dafce29c43ad50a2ecd450e4274ada22a95898dc60fd135d002c56fba1d712,True
r4,classic,228315,328315,0.1111111111111111,0,0,1,True,,,,0,0.6674885749816891,1.1448860168457031,bbca499a5ed2106eff6f6840112e18dba11d4effe4ec457bc7cbc55baadcd3ec,True
r4,classic,228316,328316,0.0,0,0,0,True,,,,54,0.5052924156188964,0.86212158203125,d7dafce29c43ad50a2ecd450e4274ada22a95898dc60fd135d002c56fba1d712,True
r4,classic,228317,328317,0.5555555555555556,0,0,5,True,,,,4,0.695586204528808,1.940011978149414,a072189d31ba742f889631ab9565c48f6c78e447703f3f8ad8777a553a01e5d1,True
r4,classic,228318,328318,0.1111111111111111,0,0,1,True,,,,2,0.682270526885986,1.1730194091796875,d7842c4c78fa00fa4f7e87fbf84ddb26dfb86ac500cf6ac30d0aa51f9d99926a,True
r4,classic,228319,328319,0.0,0,0,0,True,,,,0,0.6941080093383778,1.2278556823730469,757ac07fb6bf47ea91df6e582de3743325441bf3002bb30f19c04c5ec40c9fc3,True
r4,classic,228320,328320,0.3333333333333333,0,0,3,True,,,,4,0.5232810974121092,0.7827281951904297,5930e6f8e2b16c11f1cf3409a51db4d48e00379219f41cb9c8c64a6bd52060a1,True
r4,coin-heaven,228401,328401,1.0,0,0,50,True,,,,0,0.723171234130858,1.3120174407958984,dabd49032bd36083229a248dd885fa15e295276441c811692577ee705fb19620,True
r4,coin-heaven,228402,328402,1.0,0,0,50,True,,,,0,0.3612875938415528,0.5199909210205078,f8058785096a78cf22ec63e3b90422f5652d4a778d26968aa5801e56a897dee7,True
r4,coin-heaven,228403,328403,1.0,0,0,50,True,,,,0,0.3643512725830078,0.4451274871826172,727361e1fd3271789b18bb4799b2a99e6bfe03c78f8e3744419be366c3c37a65,True
r4,coin-heaven,228404,328404,1.0,0,0,50,True,,,,0,0.40593147277831987,0.6961822509765625,d328abea43fd04d39edcefe43cf3d60a2a1fcfc65b1f7b444751fd90965e5f34,True
r4,coin-heaven,228405,328405,1.0,0,0,50,True,,,,0,0.28387308120727534,0.41794776916503906,286fc96a8637e1469a5e8b371401a3e7d1273e40263e38def79c7363af130a6b,True
r4,coin-heaven,228406,328406,1.0,0,0,50,True,,,,0,0.16641616821289062,0.32901763916015625,71e547683114cfa42a142ad216e3cb292c5beb36515dd1ff313d426b1828d247,True
r4,coin-heaven,228407,328407,1.0,0,0,50,True,,,,0,0.17070770263671875,0.30422210693359375,9e0d35d98461244f039f85c5b4ac96c7b26cbddcddb771f038b6f7fff74fd2aa,True
r4,coin-heaven,228408,328408,1.0,0,0,50,True,,,,0,0.26748180389404275,0.3380775451660156,cfaf0c022961bf2555e8468af3e26ea39844a73a67fd40086467271410c170ce,True
r4,coin-heaven,228409,328409,1.0,0,0,50,True,,,,1,0.24638175964355466,0.324249267578125,630601516b9b8716cd555f61e554e010514f66a914e493581c6c7664a744d736,True
r4,coin-heaven,228410,328410,1.0,0,0,50,True,,,,0,0.24285316467285156,0.30684471130371094,717619a5036a93c617cb7450a3929f0c57e5b9803cc6ed7120e9e2b0723bc80b,True
r4,coin-heaven,228411,328411,1.0,0,0,50,True,,,,0,0.21531581878662095,0.3478527069091797,b6abac21080467d9632a574383aa8242f54a1dad273416b868b856a779bda3d4,True
r4,coin-heaven,228412,328412,1.0,0,0,50,True,,,,0,0.18258094787597648,0.3521442413330078,af16b7fcc0487cc0ba50ab4e9e88e70217401495d77180f30fb53673d5f7b510,True
r4,coin-heaven,228413,328413,1.0,0,0,50,True,,,,0,0.19607543945312494,0.331878662109375,92962aef5460899296db1dd2c40bf0a9aa86534b6f84d531c45baebc50d0fc21,True
r4,coin-heaven,228414,328414,1.0,0,0,50,True,,,,0,0.43530464172363276,0.4527568817138672,e1c24a61c50ab203d1014b01ed724a310fa2805f36a2a031120df8981cb82048,True
r4,coin-heaven,228415,328415,1.0,0,0,50,True,,,,0,0.2622604370117187,0.35190582275390625,bb4f8a1ad4016551621b68a442b6a076e434d97002ca8d156233c8b1ba37f204,True
r4,coin-heaven,228416,328416,1.0,0,0,50,True,,,,0,0.19687414169311523,0.3147125244140625,99a3821dc0200d637ea6fb6e183cb57a020be5a8dab52fb95da90e505258b287,True
r4,coin-heaven,228417,328417,1.0,0,0,50,True,,,,0,0.24168491363525382,0.3139972686767578,d8b9fa6fec9c6682f9f039fae724701a1eb2baa3db27bd95080142f778675a22,True
r4,coin-heaven,228418,328418,1.0,0,0,50,True,,,,0,0.4031538963317869,0.4470348358154297,1dfbccb31bd0f41a09caea0c3ea38a8b51421c0a7253a302bd2c2909864b242c,True
r4,coin-heaven,228419,328419,1.0,0,0,50,True,,,,0,0.21061897277832028,0.293731689453125,fd83e3418228a35c93180e9ed99718b088ac7384c907f331c66eba9bb81ebe6f,True
r4,coin-heaven,228420,328420,1.0,0,0,50,True,,,,0,0.38973093032836903,0.46324729919433594,ad3e4db02ca22f6f03f1626c2bbc4201a2805a5b51e124b34f653de4b8c0d429,True
r4,loot-crate,228501,328501,0.42,0,1,21,False,,,,8,0.2607107162475584,0.4191398620605469,d5409117b27f3b7a25590deef8fc17fa68da91ee7b04497dd84fc363ac56f983,True
r4,loot-crate,228502,328502,0.02,0,0,1,True,,,,55,0.18719434738159177,0.4239082336425781,676a74a451fbb460dae5325ffbfd79298a1547ada0a0f5753ea880415e187e2d,True
r4,loot-crate,228503,328503,0.0,0,0,0,True,,,,78,0.1719951629638671,0.43392181396484375,f5664fa3ca125106395e9225576a3efd4080431fb577521893c664411a25dd4c,True
r4,loot-crate,228504,328504,0.4,0,0,20,True,,,,12,0.28975009918212885,0.41604042053222656,80a8857c9b5279265c9dbaa5134d9fc4fd88834efba090075eb428cc643d3fa9,True
r4,loot-crate,228505,328505,0.4,0,0,20,True,,,,13,0.3301620483398436,0.6589889526367188,108db904aa5331afee07d540f27ee85b2c25404b71641c7de27e85322b7f4de6,True
r4,loot-crate,228506,328506,0.06,0,0,3,True,,,,5,0.1879692077636718,0.4353523254394531,6a0c517112df41e28b76ce5e0412f7d3cc11b336d9978dfd2c85b438cb7b56fc,True
r4,loot-crate,228507,328507,0.04,0,0,2,True,,,,1,0.2261161804199218,0.3829002380371094,53b6a824df536cbaa8d2ce0bed34a572891dbc5276880c38a1f111ad567058e8,True
r4,loot-crate,228508,328508,0.6,0,1,30,False,,,,14,0.29090642929077143,0.4391670227050781,dc9ca85c611469a03b3813bf6b2583b45353298d78ab9048cccf4d70e3a8130f,True
r4,loot-crate,228509,328509,0.1,0,0,5,True,,,,39,0.25182962417602534,0.3840923309326172,255851bd2541de45e51e714cb9f123dbae5039d88b39bc92909e562643d256ef,True
r4,loot-crate,228510,328510,0.24,0,0,12,True,,,,13,0.2891659736633299,0.9973049163818359,b0f5ebae9c398cf4eef91a48297dcbf55081905c897c2895c7533f64c2687cae,True
r4,loot-crate,228511,328511,0.32,0,1,16,False,,,,13,0.26240348815917963,0.4489421844482422,c9033e1146ed4ba7fd26f2ae80a03409727b5d306742936272d812fc1f00256c,True
r4,loot-crate,228512,328512,0.68,0,0,34,True,,,,18,0.3162860870361327,0.43201446533203125,6ad2e3ce9cf2e4437e3e9ce2d1ed2a259701f3d70e39c561076b1fddd848bc2a,True
r4,loot-crate,228513,328513,0.66,0,0,33,True,,,,18,0.30914545059204085,0.49996376037597656,4482b43591887de8f68f5d5be41f179ec3594fe902e860020bfa88aa3b4c9c0b,True
r4,loot-crate,228514,328514,0.06,0,1,3,False,,,,1,0.23627281188964827,0.41294097900390625,3effd1793cb840820cb6665fef93edaeebbdee5d25a883d7a69fb4c5e50e24ed,True
r4,loot-crate,228515,328515,0.48,0,0,24,True,,,,26,0.32187700271606445,0.4489421844482422,0e5c58291a7c994a13a2481177af88d68353ed56660afd90bccd0cb109face9e,True
r4,loot-crate,228516,328516,0.14,0,0,7,True,,,,2,0.20728111267089835,0.6279945373535156,78795bc949070280bd94467fafb5026b453d6f76945b79f461ced05e3642fe78,True
r4,loot-crate,228517,328517,0.02,0,0,1,True,,,,1,0.19935369491577146,0.4100799560546875,d09a11f7ca79acce9929acdd3c609c953189540921df020a1c3e9d9b289ccb39,True
r4,loot-crate,228518,328518,0.18,0,0,9,True,,,,4,0.22224187850952146,0.4749298095703125,03452f46e0382479217012262ae1b7c1d06aeb7a1992905514e2811732c589d9,True
r4,loot-crate,228519,328519,0.0,0,0,0,True,,,,0,0.19097328186035156,0.48089027404785156,8e0060887570797b731a15d023251a2f9fec7bc4a6605c823ab6a0130fb40440,True
r4,loot-crate,228520,328520,0.24,0,0,12,True,,,,32,0.26775598526000977,0.4410743713378906,71f08498a56949e9564221fcaa808cdcd2b758bb547f6e9e8b4e36164f5acd93,True
r5,competitive,228201,328201,0.0,0,1,0,False,0,0,4,6,1.8047094345092771,4.983186721801758,e1ea5fd7cd523c5a6f8ca9d11f93acfdb58d88932cb2d43857779b1d67f8b8b1,False
r5,competitive,228202,328202,0.1111111111111111,0,0,1,True,0,0,4,12,1.9815087318420368,6.319999694824219,41949ad791df2861436596361b1cea35b1ec0c9e1f74ea3df5e97e46523b24a3,False
r5,competitive,228203,328203,0.2222222222222222,0,1,2,False,0,0,2,6,0.659608840942382,0.9851455688476562,b8d39013a9df8292861265c7e463902d26c0f0540e8a7d5fe43b0eeb1d8dd496,False
r5,competitive,228204,328204,0.1111111111111111,0,0,1,False,0,0,3,7,1.1960506439208982,1.5599727630615234,9bea905470f86fbc90b073194839966ce304c1e20b9a5770d5b5729b3a417b98,False
r5,competitive,228205,328205,0.1111111111111111,0,1,1,False,0,0,3,2,0.7447242736816402,0.8780956268310547,c4a6b0de580095a54e289a720e25e463b4820fa293e5f37e990b31617489b77f,False
r5,competitive,228206,328206,0.3333333333333333,0,1,3,False,0,1,1,7,0.8676528930664059,1.1529922485351562,2b1f7759b783e48ddafca00a4bdc3e19a5c830f9d71e0fa106c5705c0cfc6acb,False
r5,competitive,228207,328207,0.1111111111111111,0,0,1,False,0,0,4,11,0.6096720695495605,0.7419586181640625,611e928f18fa789c18df83a3573344363c36c3146d1d4696ad9b3ae26fe3ba76,False
r5,competitive,228208,328208,0.1111111111111111,2,0,11,True,1,0,1,8,0.7040500640869141,0.8566379547119141,ec4f324d098b792451488f3db3a6a4775743e0ee150b828ce326d531d1bb6539,False
r5,competitive,228209,328209,0.2222222222222222,0,1,2,False,0,0,3,23,1.27105712890625,1.6508102416992188,2dd73ff39919286fc35a272ee140739a8d1269530ffeb19740d64c5f2862e22c,False
r5,competitive,228210,328210,0.1111111111111111,0,1,1,False,0,0,3,2,0.23508071899414062,0.36716461181640625,d7f028c3ed9c5ca58a7b77fe5f6e331f7789b38dd11691e853a1ae8e1bc96f89,False
r5,competitive,228211,328211,0.2222222222222222,0,1,2,False,0,0,2,11,0.5108118057250975,0.6520748138427734,f26520e9e4c745ebb2a3f695258d84569f48771d59f23ad642f40530ccd1547c,False
r5,competitive,228212,328212,0.1111111111111111,1,0,6,True,0,0,2,8,0.7254600524902332,1.058816909790039,12b7008fe43c40f40cdf2d1f76a5b2718afeb8fbb950540269cbdb3afd901338,False
r5,competitive,228213,328213,0.3333333333333333,0,0,3,True,0,0,2,9,1.3630151748657224,2.0029544830322266,3186724f674a20ebf83cf3fec4bc9f467c1789bc67f84deddaf58ce0963dabe2,False
r5,competitive,228214,328214,0.0,0,1,0,False,0,0,4,1,0.48241615295410156,0.5161762237548828,e2c10eed797c931ce2eee4e18dabe97f4b743676d870aa9cfcebe608d14212c1,False
r5,competitive,228215,328215,0.1111111111111111,0,1,1,False,0,0,3,6,0.30586719512939453,0.4107952117919922,a23bc6ed1ae34792fe7f1ba80b23b2821c61f45e39453444c3f08b600036d1e0,False
r5,competitive,228216,328216,0.1111111111111111,0,0,1,False,0,0,3,4,0.37546157836914024,0.5371570587158203,9f28a38e1bbd177f20b1562d3966d86ab63aa2b67af0bb0b0ad270d8bc03a9fc,False
r5,competitive,228217,328217,0.6666666666666666,0,0,6,False,0,0,2,16,0.4610419273376465,0.7157325744628906,315c18b9b67bdf8900f3cd6d7776e3c60cc27cd3699e77f2323b66f369239f0f,False
r5,competitive,228218,328218,0.5555555555555556,0,0,5,False,0,0,2,7,0.4406571388244629,0.5540847778320312,64d854cf07e1142c32bd03103e37b8c1d62e3d45ff2b0e106bac9cb1ab33648d,False
r5,competitive,228219,328219,0.2222222222222222,0,0,2,False,0,0,3,7,0.43914318084716786,0.5559921264648438,cc625bda7f4f2084d7d2135085868d244763a17b9a9455e5f927cef5019d6fb4,False
r5,competitive,228220,328220,0.1111111111111111,0,0,1,False,0,0,4,2,0.33452510833740234,0.3762245178222656,385ba1b1a3955b80242a8a98d95984f98d474002db69bbe7523bfb59516abe15,False
r5,mixed,228601,328601,0.2222222222222222,2,0,12,True,1,0,1,29,1.2289166450500488,1.8711090087890625,7fcc5e6766e36e8b36d1ef680416b253e9fe373b1b2ee2bf808efbafb96dd739,False
r5,mixed,228602,328602,0.0,0,0,0,True,0,0,3,6,2.445375919342039,4.262208938598633,a7b9f22cc4c11a307e53775cb55317c89ab8e74ce65f123f310387ad8939f194,False
r5,mixed,228603,328603,0.0,1,1,5,False,0,0,3,10,1.1051535606384277,1.920938491821289,dff788c322b0912534567c1e82acf62d84f8e3146983a80dc254ecd521012dfd,False
r5,mixed,228604,328604,0.1111111111111111,0,0,1,True,0,0,2,16,1.1013150215148924,2.972841262817383,e33830fdc2f98370b49dfd9921f9dffe7bda3d5c12c17c20147d3bf2a30025aa,False
r5,mixed,228605,328605,0.1111111111111111,0,1,1,False,0,0,3,1,1.0533452033996578,6.448030471801758,5b38456006f90f7319f5b6b899350261e3bb710a82ad6806a5b935341e0c09da,False
r5,mixed,228606,328606,0.0,0,0,0,True,0,0,3,4,1.8106222152709956,3.596067428588867,76939d423582c27bb5547f9fa0bad9d5d2b08aec22d22cfeedaaa3c84a3bbf86,False
r5,mixed,228607,328607,0.2222222222222222,0,1,2,False,0,0,3,7,2.010071277618408,3.2460689544677734,3a005246393ab041949af2bc84f4ea18a509c5754c9525962af85eefd952c708,False
r5,mixed,228608,328608,0.3333333333333333,0,1,3,False,0,0,3,5,0.7788181304931637,1.0390281677246094,9a2ae56b5cb765efb910e1666843b17e616fa8620745de569519489d25b9b171,False
r5,mixed,228609,328609,0.1111111111111111,0,0,1,True,0,0,3,14,0.4909038543701172,0.5970001220703125,cba0b63d86530fa7474c81a355ee8cc4f8fadb24e4569cc45c95a92f30c748ba,False
r5,mixed,228610,328610,0.2222222222222222,0,1,2,False,0,0,2,6,0.3312110900878907,0.38623809814453125,7ff119d77647e54f56f30d2cf5227892f1ae618a7117ad71c478043876508308,False
r5,mixed,228611,328611,0.1111111111111111,1,0,6,True,1,0,1,22,0.6230354309082031,0.7829666137695312,4678e1cd340394d8ffd23fa51896bf32926a11d031c166c709f5fa3f060379a2,False
r5,mixed,228612,328612,0.1111111111111111,0,0,1,True,0,0,3,16,0.6823062896728513,0.9250640869140625,2ab89db963161f97a034ea72091e8d060b513860e40a9817e3ab3515c819f1ea,False
r5,mixed,228613,328613,0.3333333333333333,0,1,3,False,0,0,2,5,0.37962198257446284,0.4298686981201172,e5e0adb4049dad48765d05dc4e9739dd6e6877016e078f9a147454aa1a865d74,False
r5,mixed,228614,328614,0.0,0,1,0,False,0,0,3,2,0.481104850769043,0.8258819580078125,ac472ae1adbc14c32293bc0e5ba23be806fae6f5a00d4c9adaf95318fd2192a3,False
r5,mixed,228615,328615,0.1111111111111111,0,0,1,False,0,0,3,7,0.43392181396484375,0.4782676696777344,308c22e5d57bb1f15e2ea319f3886ff6b54a8974f5198d51cf920f841d959db5,False
r5,mixed,228616,328616,0.5555555555555556,0,0,5,False,0,0,3,10,0.3646612167358398,0.42891502380371094,2af4ebcd21659eb832eb9acb696ed82947b7d029a9e99177d8ea053dd664a749,False
r5,mixed,228617,328617,0.2222222222222222,0,1,2,False,0,0,2,10,0.4522085189819335,0.5638599395751953,095a358c6aecc8619704a864d59e8944bef8763168f93145fb818eb7c353fd82,False
r5,mixed,228618,328618,0.0,0,1,0,False,0,0,3,5,0.32901763916015625,0.4248619079589844,2728f2baa5e136b97ef20c3de12ee0321c53182b92a48416bb6cb029128ce0a3,False
r5,mixed,228619,328619,0.4444444444444444,0,0,4,True,0,0,2,16,0.3660082817077636,0.5407333374023438,3d6a365d108edee2590f1d6b4331b95019340a1a459f6a7286a2338205a03cc1,False
r5,mixed,228620,328620,0.2222222222222222,0,1,2,False,0,0,2,8,0.43158531188964844,0.5168914794921875,4e1677efc6bef02ee91e444532eefb9f01df49c20636a8764369b50b80eb08bc,False
r5,peaceful,228101,328101,0.1111111111111111,0,0,1,True,1,0,1,0,0.5100727081298827,0.6961822509765625,8b5fe73e649de96ceed6a040b8e3b77580fb437c1504dad104d828ecba874230,True
r5,peaceful,228102,328102,0.0,0,0,0,True,0,1,1,0,0.3083348274230954,0.5381107330322266,47d644b942d123afbad9dbfc55e3c3a08e3a3f28ce7b0bf576eba4b03515a0e0,True
r5,peaceful,228103,328103,0.0,0,0,0,True,0,1,1,3,0.41140317916870106,0.6048679351806641,09935349052a4a5822587fedca3cecf88558228f6bd00534f3a288d9cb48c421,True
r5,peaceful,228104,328104,0.1111111111111111,0,0,1,True,1,0,1,42,0.3778219223022459,0.6699562072753906,cc4b64fdf8caf81b1144fdcb0365ddddc32f462b9be6e8e2d1940b74f994f5cb,True
r5,peaceful,228105,328105,0.1111111111111111,0,0,1,True,1,0,1,1,0.3631114959716797,0.6742477416992188,06351ad3f0e2c84154b1c44078656836a352cbee6d77efe9d84e1016675512ca,True
r5,peaceful,228106,328106,0.0,0,0,0,True,0,1,1,25,0.3332614898681639,0.5078315734863281,82e413cd1fd446e4ae616fa33b12941d1799784becd4c2d69576072c682fbc12,True
r5,peaceful,228107,328107,0.3333333333333333,1,0,8,True,1,0,1,7,0.3892898559570311,0.5660057067871094,ca932eb1f02bc7985cc477d8ecd5c4a62eaa6a3a0c930d3fb26bf42d4cffafe9,False
r5,peaceful,228108,328108,0.1111111111111111,0,0,1,True,1,0,1,5,0.39318799972534174,0.6701946258544922,2905a5b4853c601b533400351412d33a000edbc1969ee0d45277bc7d0b3276e8,True
r5,peaceful,228109,328109,0.3333333333333333,0,0,3,True,1,0,1,6,0.4561424255371093,0.6909370422363281,f9b7e132fc300790e6d2dc28e803bdea48af3bdae1c2e3f78f775cd4a7d96b1e,True
r5,peaceful,228110,328110,0.0,0,0,0,True,0,1,1,2,0.29306411743164057,0.5712509155273438,38ea08ec1782419e20402dc4136a59b2fa4f09341b48329335787120c30f686a,True
r5,peaceful,228111,328111,0.1111111111111111,0,0,1,True,1,0,1,6,0.7151126861572265,0.8170604705810547,e061bf79bba98a7ad56359648608f80efbf77a6343cb78b6cbf78234cf00e377,True
r5,peaceful,228112,328112,0.1111111111111111,0,0,1,True,1,0,1,0,0.472474098205566,0.8339881896972656,276ca12d2f0f61908acd6283f2967f3b8ceab4737dce338291cb1534828265a7,True
r5,peaceful,228113,328113,0.0,0,0,0,True,0,1,1,0,0.30313730239868153,0.6108283996582031,efe936528fcbdb5a84458dcd628caf950b75cf134dff2eb60a5120454ae03e28,True
r5,peaceful,228114,328114,0.0,0,0,0,True,0,1,1,1,0.30903816223144526,0.4780292510986328,a9dfb10cf9f673f7c893f3a848b31a5c1cf19ce10498476c26f2ca4bf6a9776f,True
r5,peaceful,228115,328115,0.3333333333333333,0,0,3,True,1,0,1,9,0.46091079711914057,0.5538463592529297,ff99c1963a6c24b4e143ad422febc388d9bfb0cbe211396c7bfe66ab25d90503,True
r5,peaceful,228116,328116,0.0,0,0,0,True,0,1,1,0,0.4600524902343749,0.7169246673583984,c0e9059bcb2fc851fd003a21e42f0e445d94add4c2005eef03bc7aa174b188ea,True
r5,peaceful,228117,328117,0.1111111111111111,0,0,1,True,1,0,1,0,0.7053613662719714,7.8220367431640625,ee2df9699712ccf74d1c7eada7c58aa00e54dc7f5e8507132ed0c0b7035b2ffd,True
r5,peaceful,228118,328118,0.3333333333333333,1,0,8,True,1,0,1,7,0.5252957344055174,0.9529590606689453,ebe63a8d695c2c37111bb8ba3a029cc97475946f7a0e8ed56b0b584d623fd32a,False
r5,peaceful,228119,328119,0.0,0,0,0,True,0,1,1,0,0.3379106521606445,0.61798095703125,265119014efa62ca6984a1f49e4cd6893feb465cc7abf3f8663367ff04f27bb2,True
r5,peaceful,228120,328120,0.2222222222222222,1,1,7,False,1,0,1,6,0.5860447883605955,0.9710788726806641,4ac789974ea8c34249c36519ba948dda3967354ec7084681f477bc4e253f5e9f,False
r5,classic,228301,328301,0.3333333333333333,0,0,3,True,,,,48,0.5448937416076641,1.0099411010742188,0503a6e91d6fa3d1c73512a20c24ac5fdea86c06d2760c519c2435409db952dc,True
r5,classic,228302,328302,0.2222222222222222,0,0,2,True,,,,69,0.6521105766296378,3.197193145751953,5995cd51c64254708266e8cf9b8b3939c8e34315469b386f70150447e829836f,True
r5,classic,228303,328303,0.0,0,0,0,True,,,,1,0.5396842956542961,1.4371871948242188,99d8f9aa3c128d102ef70c4adec0908354c277b0c408f52934f966ec15566496,True
r5,classic,228304,328304,0.1111111111111111,0,0,1,True,,,,1,0.5305886268615719,0.8919239044189453,bed54b95b0774b47b427c32a7b83f795808fc039d03eb7eb525e2e6a1685668e,True
r5,classic,228305,328305,0.2222222222222222,0,0,2,True,,,,33,0.8332133293151852,1.7650127410888672,3ff71e1e5199da708e5d7f1b285b9dd4a6dd6ca0a8b5b5885e18a9f6ea454ff1,True
r5,classic,228306,328306,0.0,0,0,0,True,,,,0,0.49816370010375965,0.9617805480957031,c1014ebdb53fc914b4dc4d490b77892559b53d1e987fa3816f7ef8da188edea6,True
r5,classic,228307,328307,0.0,0,0,0,True,,,,32,0.8471727371215817,1.3089179992675781,6497cf29390296cacd26a4afd8a57a82fe536c601e5b9cd6cc65f80eec351ded,True
r5,classic,228308,328308,0.3333333333333333,0,0,3,True,,,,13,0.8123993873596188,1.1358261108398438,5431b179b75c8a79c55300a2e4e339cda28e5ed83b5b0c9796ceb5f185e4776e,True
r5,classic,228309,328309,0.2222222222222222,0,0,2,True,,,,23,0.7961273193359375,7.153987884521484,9ef9cffd5980e3a98416cd34a2710d83c5d2ab9b579fc2627a0b901f9a4eeb8f,True
r5,classic,228310,328310,0.0,0,0,0,True,,,,0,0.701344013214111,1.2180805206298828,f3f497550795799759569c6e43cf34d86cb75ad3faf916a266596a51d8f8b504,True
r5,classic,228311,328311,0.2222222222222222,0,0,2,True,,,,2,0.767982006072998,1.4309883117675781,4a6e085646f3b480639aa189e4d7ae41278ac2a6f448182ac9e699c3ae66d64b,True
r5,classic,228312,328312,0.4444444444444444,0,0,4,True,,,,3,0.7858037948608392,1.371145248413086,43c75604df25b86fbf6be5ca757eafecf248e2bb436984fb765fd712691eaa75,True
r5,classic,228313,328313,0.2222222222222222,0,0,2,True,,,,10,0.9791016578674315,2.153158187866211,890a72e55d57a88ab8bf3a9ddfa018d6009af9c1abdf015ec340d3380f9314aa,True
r5,classic,228314,328314,0.3333333333333333,0,0,3,True,,,,4,0.691080093383789,1.5950202941894531,1091d26e132cb4f3a9ebae790f44dde692977777b40963cb09af235e0d78dc8d,True
r5,classic,228315,328315,0.1111111111111111,0,0,1,True,,,,1,0.7308006286621094,11.389970779418945,fffd789d4ecbee2f3585fe13e8c165d07925a6ef0b21fc94ac9acd7b8c2c8641,True
r5,classic,228316,328316,0.1111111111111111,0,0,1,True,,,,0,0.7989406585693359,1.9099712371826172,700bc569bf91e304ba90c1dd763a238e21a2710b5155ca115bfa75470f132cc6,True
r5,classic,228317,328317,0.5555555555555556,0,0,5,True,,,,3,0.8168697357177734,2.0508766174316406,e9b69aa6c51cb03ae80a0dccf16a52e7f45437971369cb4fc7a96ef0d451334d,True
r5,classic,228318,328318,0.2222222222222222,0,0,2,True,,,,5,0.5351066589355468,0.9210109710693359,741f3742684fcfa39ab3278bfae5c652c29c095d980140f9a1ce6680fbc66500,True
r5,classic,228319,328319,0.1111111111111111,0,0,1,True,,,,5,0.3951072692871093,0.8449554443359375,6bf59511dbf9b4fb9d5c0ec3eae7b12b6edf3b4005a73f3c2f081c7561e9840c,True
r5,classic,228320,328320,0.1111111111111111,0,0,1,True,,,,5,0.26607513427734375,0.6101131439208984,afea6626bb4124d75462d6ec20c3a6c8262252fb04805acafa236e08a5edc179,True
r5,coin-heaven,228401,328401,1.0,0,0,50,True,,,,0,0.20623207092285115,0.2989768981933594,dabd49032bd36083229a248dd885fa15e295276441c811692577ee705fb19620,True
r5,coin-heaven,228402,328402,1.0,0,0,50,True,,,,0,0.22529363632202154,0.2961158752441406,f8058785096a78cf22ec63e3b90422f5652d4a778d26968aa5801e56a897dee7,True
r5,coin-heaven,228403,328403,1.0,0,0,50,True,,,,0,0.31062364578247054,0.38695335388183594,727361e1fd3271789b18bb4799b2a99e6bfe03c78f8e3744419be366c3c37a65,True
r5,coin-heaven,228404,328404,1.0,0,0,50,True,,,,0,0.3060817718505857,0.4398822784423828,d328abea43fd04d39edcefe43cf3d60a2a1fcfc65b1f7b444751fd90965e5f34,True
r5,coin-heaven,228405,328405,1.0,0,0,50,True,,,,0,0.1963973045349121,0.29015541076660156,5fb7e2223248a60f4170d490c016dc351ff21ab3486f902622b3ed9288853cc6,True
r5,coin-heaven,228406,328406,1.0,0,0,50,True,,,,0,0.12731552124023438,0.2589225769042969,71e547683114cfa42a142ad216e3cb292c5beb36515dd1ff313d426b1828d247,True
r5,coin-heaven,228407,328407,1.0,0,0,50,True,,,,0,0.1308917999267578,0.24771690368652344,9e0d35d98461244f039f85c5b4ac96c7b26cbddcddb771f038b6f7fff74fd2aa,True
r5,coin-heaven,228408,328408,1.0,0,0,50,True,,,,0,0.20780563354492174,0.2772808074951172,cfaf0c022961bf2555e8468af3e26ea39844a73a67fd40086467271410c170ce,True
r5,coin-heaven,228409,328409,1.0,0,0,50,True,,,,1,0.20856857299804688,0.24008750915527344,630601516b9b8716cd555f61e554e010514f66a914e493581c6c7664a744d736,True
r5,coin-heaven,228410,328410,1.0,0,0,50,True,,,,0,0.21140575408935544,0.27823448181152344,717619a5036a93c617cb7450a3929f0c57e5b9803cc6ed7120e9e2b0723bc80b,True
r5,coin-heaven,228411,328411,1.0,0,0,50,True,,,,0,0.2072334289550781,0.3490447998046875,b6abac21080467d9632a574383aa8242f54a1dad273416b868b856a779bda3d4,True
r5,coin-heaven,228412,328412,1.0,0,0,50,True,,,,0,0.18658638000488273,0.35500526428222656,af16b7fcc0487cc0ba50ab4e9e88e70217401495d77180f30fb53673d5f7b510,True
r5,coin-heaven,228413,328413,1.0,0,0,50,True,,,,0,0.16741752624511708,0.29015541076660156,92962aef5460899296db1dd2c40bf0a9aa86534b6f84d531c45baebc50d0fc21,True
r5,coin-heaven,228414,328414,1.0,0,0,50,True,,,,0,0.4323124885559081,0.476837158203125,e1c24a61c50ab203d1014b01ed724a310fa2805f36a2a031120df8981cb82048,True
r5,coin-heaven,228415,328415,1.0,0,0,50,True,,,,0,0.252532958984375,0.3368854522705078,bb4f8a1ad4016551621b68a442b6a076e434d97002ca8d156233c8b1ba37f204,True
r5,coin-heaven,228416,328416,1.0,0,0,50,True,,,,0,0.19478797912597656,0.2989768981933594,99a3821dc0200d637ea6fb6e183cb57a020be5a8dab52fb95da90e505258b287,True
r5,coin-heaven,228417,328417,1.0,0,0,50,True,,,,0,0.24242401123046875,0.3228187561035156,d8b9fa6fec9c6682f9f039fae724701a1eb2baa3db27bd95080142f778675a22,True
r5,coin-heaven,228418,328418,1.0,0,0,50,True,,,,0,0.3066897392272946,0.4069805145263672,1dfbccb31bd0f41a09caea0c3ea38a8b51421c0a7253a302bd2c2909864b242c,True
r5,coin-heaven,228419,328419,1.0,0,0,50,True,,,,0,0.21352767944335935,0.2989768981933594,fd83e3418228a35c93180e9ed99718b088ac7384c907f331c66eba9bb81ebe6f,True
r5,coin-heaven,228420,328420,1.0,0,0,50,True,,,,0,0.39011240005493153,0.4622936248779297,ad3e4db02ca22f6f03f1626c2bbc4201a2805a5b51e124b34f653de4b8c0d429,True
r5,loot-crate,228501,328501,0.4,0,0,20,True,,,,14,0.3190517425537109,0.49304962158203125,d57570eea50ac7ca2eec861f1d078106ae2c222d6af7168e2cca6ba4f61bfb02,True
r5,loot-crate,228502,328502,0.22,0,0,11,True,,,,38,0.286281108856201,0.5919933319091797,2d7dbbf71109f4260aab303000d1db1c7d92fefcce55dd44804d6ccfe10252ec,True
r5,loot-crate,228503,328503,0.0,0,0,0,True,,,,26,0.326251983642578,0.8790493011474609,2f117161784dfc038266d887a5c75ea172a06065f12273b6d62847b9cf2f231e,True
r5,loot-crate,228504,328504,0.06,0,0,3,True,,,,101,0.22983551025390625,0.5118846893310547,59c21030db6fe1ef0f9115c44c07d68ca5f1e376a261d8cb6511f4e929065a7c,True
r5,loot-crate,228505,328505,0.0,0,0,0,True,,,,0,0.23794174194335938,0.5002021789550781,c3e3eff9384f03273737e526e59930deeacf532ba9c37d90513fe83ee7d805fd,True
r5,loot-crate,228506,328506,0.04,0,0,2,True,,,,0,0.3259658813476562,0.5829334259033203,b6695c496558133330ce2d90e60962600fde40aec0adb0fbe7712ad262dc5a2f,True
r5,loot-crate,228507,328507,0.06,0,0,3,True,,,,47,0.2811789512634277,0.47206878662109375,a97ac5b0dfd2aea683b143c432f0cc09f55c4d7ed4025543f56da4a1d4248677,True
r5,loot-crate,228508,328508,0.0,0,0,0,True,,,,0,0.26115179061889643,0.45013427734375,c3e3eff9384f03273737e526e59930deeacf532ba9c37d90513fe83ee7d805fd,True
r5,loot-crate,228509,328509,0.12,0,0,6,True,,,,5,0.2722263336181639,0.5102157592773438,8fe3c44481b6a1aa757399faf4693bf109bc6528811edaf039c86ce89b59008e,True
r5,loot-crate,228510,328510,0.16,0,0,8,True,,,,68,0.3359794616699218,0.6196498870849609,609c3ca6f10e85fba3dbe82ea765ac19cc44a44fe9935e5ebc80a267ef57fac7,True
r5,loot-crate,228511,328511,0.34,0,0,17,True,,,,5,0.2709507942199706,0.5180835723876953,48a6efc8bfa7831efb98577e9422e9608ad6d69c581bebf9e487dc0aad9889cd,True
r5,loot-crate,228512,328512,0.64,0,0,32,True,,,,22,0.6904125213623017,1.0139942169189453,3107ce029bb57a4b3a5dd9f9f506d0b3059a286c31fc483a28956595924ba405,True
r5,loot-crate,228513,328513,0.1,0,0,5,True,,,,3,0.5551457405090331,0.8349418640136719,418945df4f0216b4fb37b23648c635ef2051f2b258391863e951bf1d1b103484,True
r5,loot-crate,228514,328514,0.1,0,1,5,False,,,,4,0.3202199935913086,0.5388259887695312,770e414b0e03f563058febe556a05fdba642f4a9d359020151e33d758edba291,True
r5,loot-crate,228515,328515,0.0,0,0,0,True,,,,0,0.2639293670654297,0.5388259887695312,c3e3eff9384f03273737e526e59930deeacf532ba9c37d90513fe83ee7d805fd,True
r5,loot-crate,228516,328516,0.06,0,1,3,False,,,,1,0.5707740783691405,0.6489753723144531,b74c7102f60899dd5cd810850d0b852e41b979d77ac89832619b9ac1da471520,True
r5,loot-crate,228517,328517,0.02,0,0,1,True,,,,1,0.24133920669555636,0.5090236663818359,d09a11f7ca79acce9929acdd3c609c953189540921df020a1c3e9d9b289ccb39,True
r5,loot-crate,228518,328518,0.42,0,0,21,True,,,,7,0.44275522232055664,0.6380081176757812,14dc4b376cf4f0f2a3071be6789c11996ba669a2e39b1080c117dd6dc98e6d40,True
r5,loot-crate,228519,328519,0.12,0,0,6,True,,,,23,0.2449989318847655,0.5021095275878906,2716f4bd21a0df96a12a01f1e0c9fe149bd5e81e4ca0fbb10a0d9b4038cf26d9,True
r5,loot-crate,228520,328520,0.06,0,1,3,False,,,,1,0.2512812614440918,0.4620552062988281,8253b35cae44fa81b121bd6af666cfba717c6b89a63c07f182fb06cfdbf816fe,True
