treatment,model,scenario,episodes,mean_collection_fraction,mean_coins,full_clear_rate,zero_coin_rate,survival_rate,self_kill_rate,invalid_action_rate,mean_survival_steps,steps_per_coin,mean_crates_destroyed,mean_coins_found,bombs_dropped,action_up,action_right,action_down,action_left,action_wait,action_bomb,action_unknown,decision_time_p95_ms,decision_time_max_ms
masked,r1,classic,40,0.0027777777777777775,0.025,0.0,0.975,0.6,0.4,0.0,250.025,10001.0,6.1,0.25,184,2556,1952,2561,1943,805,184,0,0.4733085632324218,2.724170684814453
masked,r1,coin-heaven,40,1.0,50.0,1.0,0.0,1.0,0.0,0.0,129.75,2.595,0.0,0.0,0,1314,1282,1249,1343,2,0,0,0.44357776641845703,2.6607513427734375
masked,r1,loot-crate,40,0.002,0.1,0.0,0.925,0.675,0.325,0.0,275.275,2752.75,4.075,1.625,61,2011,2614,2001,2607,1717,61,0,0.3159046173095703,0.6749629974365234
masked,r2,classic,40,0.0,0.0,0.0,1.0,1.0,0.0,0.0,400.0,,0.0,0.0,0,2403,5603,2397,5597,0,0,0,0.3299713134765625,1.5070438385009766
masked,r2,coin-heaven,40,1.0,50.0,1.0,0.0,1.0,0.0,0.0,129.75,2.595,0.0,0.0,0,1314,1282,1249,1343,2,0,0,0.41484832763671875,1.3239383697509766
masked,r2,loot-crate,40,0.0,0.0,0.0,1.0,1.0,0.0,0.0,400.0,,0.0,0.0,0,3397,4602,3403,4598,0,0,0,0.31412839889526334,1.3527870178222656
masked,r3,classic,40,0.0,0.0,0.0,1.0,1.0,0.0,0.0,400.0,,0.65,0.05,13,4561,3007,4582,3010,827,13,0,0.31377077102661133,1.6820430755615234
masked,r3,coin-heaven,40,1.0,50.0,1.0,0.0,1.0,0.0,0.0,129.725,2.5945,0.0,0.0,0,1314,1280,1249,1341,5,0,0,0.44149160385131836,2.5947093963623047
masked,r3,loot-crate,40,0.0,0.0,0.0,1.0,1.0,0.0,0.0,400.0,,0.45,0.175,9,4975,2808,4980,2810,418,9,0,0.34527778625488276,1.4338493347167969
masked,r4,classic,40,0.0,0.0,0.0,1.0,1.0,0.0,0.0,400.0,,0.1,0.0,2,3796,3999,3798,3999,406,2,0,0.29935836791992176,1.8341541290283203
masked,r4,coin-heaven,40,1.0,50.0,1.0,0.0,1.0,0.0,0.0,129.75,2.595,0.0,0.0,0,1314,1282,1249,1343,2,0,0,0.6230950355529785,1.068115234375
masked,r4,loot-crate,40,0.0,0.0,0.0,1.0,1.0,0.0,0.0,400.0,,0.025,0.025,1,4194,3804,4200,3798,3,1,0,0.28457641601562333,1.3899803161621094
masked,r5,classic,40,0.0,0.0,0.0,1.0,1.0,0.0,0.0,400.0,,0.025,0.0,1,3399,4592,3401,4603,4,1,0,0.15558004379272405,1.374959945678711
masked,r5,coin-heaven,40,1.0,50.0,1.0,0.0,1.0,0.0,0.0,129.75,2.595,0.0,0.0,0,1314,1282,1249,1343,2,0,0,0.4619598388671875,1.088857650756836
masked,r5,loot-crate,40,0.0,0.0,0.0,1.0,1.0,0.0,0.0,400.0,,0.0,0.0,0,3397,4598,3403,4602,0,0,0,0.3039598464965818,1.1639595031738281
task1,task1,coin-heaven,40,1.0,50.0,1.0,0.0,1.0,0.0,0.0005781460782424359,129.725,2.5945,0.0,0.0,0,1314,1280,1249,1344,2,0,0,0.1640915870666504,1.2187957763671875
unmasked,r1,classic,40,0.005555555555555555,0.05,0.0,0.95,0.725,0.275,0.08063005534269901,293.625,5872.5,1.625,0.1,228,3029,2871,2298,2849,417,281,0,1.335334777832031,1.5301704406738281
unmasked,r1,coin-heaven,40,1.0,50.0,1.0,0.0,1.0,0.0,0.0005781460782424359,129.725,2.5945,0.0,0.0,0,1314,1280,1249,1344,2,0,0,0.5317211151123046,0.9107589721679688
unmasked,r1,loot-crate,40,0.001,0.05,0.0,0.95,0.85,0.15,0.06430868167202572,342.1,6842.0,1.825,0.625,273,3035,2510,3084,2481,2300,274,0,0.5708217620849606,3.3998489379882812
unmasked,r2,classic,40,0.0,0.0,0.0,1.0,0.9,0.1,0.054497610968769476,361.025,,0.5,0.05,12,3792,3214,3782,3212,427,14,0,0.4251122474670408,1.3628005981445312
unmasked,r2,coin-heaven,40,1.0,50.0,1.0,0.0,1.0,0.0,0.0005781460782424359,129.725,2.5945,0.0,0.0,0,1314,1280,1249,1344,2,0,0,0.6333351135253906,1.188039779663086
unmasked,r2,loot-crate,40,0.0,0.0,0.0,1.0,0.95,0.05,0.000525658716078586,380.475,,0.575,0.2,13,3797,3592,3789,3591,435,15,0,0.34427642822265603,1.2700557708740234
unmasked,r3,classic,40,0.0,0.0,0.0,1.0,0.875,0.125,0.00042731999145360016,351.025,,0.875,0.025,14,4406,2587,4397,2595,40,16,0,0.4070162773132322,2.5169849395751953
unmasked,r3,coin-heaven,40,1.0,50.0,1.0,0.0,1.0,0.0,0.0005781460782424359,129.725,2.5945,0.0,0.0,0,1314,1280,1249,1344,2,0,0,0.4360675811767578,1.3878345489501953
unmasked,r3,loot-crate,40,0.0015,0.075,0.0,0.925,0.875,0.125,0.028664912155914362,351.475,4686.333333333333,1.075,0.35,15,4812,2005,4796,1615,815,16,0,0.44636726379394503,4.22215461730957
unmasked,r4,classic,40,0.0,0.0,0.0,1.0,0.95,0.05,0.0005256932579839664,380.45,,1.225,0.075,415,3182,3183,3199,3180,2059,415,0,0.7578849792480458,2.1278858184814453
unmasked,r4,coin-heaven,40,1.0,50.0,1.0,0.0,1.0,0.0,0.0005781460782424359,129.725,2.5945,0.0,0.0,0,1314,1280,1249,1344,2,0,0,0.5706787109375,5.135774612426758
unmasked,r4,loot-crate,40,0.0025,0.125,0.0,0.925,0.925,0.075,0.026941469657169797,371.175,2969.4,0.925,0.4,22,3813,3573,3820,3174,445,22,0,1.3572216033935545,3.995180130004883
unmasked,r5,classic,40,0.0027777777777777775,0.025,0.0,0.975,0.825,0.175,0.0024094571191928317,332.025,13281.0,1.65,0.075,25,5220,1402,5190,1391,52,26,0,0.634050369262695,2.0537376403808594
unmasked,r5,coin-heaven,40,1.0,50.0,1.0,0.0,1.0,0.0,0.0005781460782424359,129.725,2.5945,0.0,0.0,0,1314,1280,1249,1344,2,0,0,0.48305988311767534,2.1467208862304688
unmasked,r5,loot-crate,40,0.001,0.05,0.0,0.95,0.95,0.05,0.07811576111950595,380.525,7610.5,1.325,0.525,19,4989,2593,5379,1808,433,19,0,0.8347511291503905,2.202749252319336
